﻿<?xml version="1.0" encoding="utf-8"?>
<Model Name="headwear0208.Mdl">
  <XmlVersion Type="int">5</XmlVersion>
  <Meshes Type="null">
    <Mesh Name="headwear0208">
      <Priority Type="int">1</Priority>
    </Mesh>
  </Meshes>
  <Materials Type="null">
    <Material Name="mtHw00">
      <Shader Type="shader">LUT</Shader>
      <EnableLighting Type="bool">true</EnableLighting>
      <LutFr Type="curve">fresnelSoft01.tga</LutFr>
      <LutSp Type="curve">specularDefault02.tga</LutSp>
      <LightSetIndex Type="int">0</LightSetIndex>
      <SphereMap Type="sphereMap" />
      <Culling Type="cull_mode">Back</Culling>
      <IsXlu Type="bool">false</IsXlu>
      <EnableAlphaTest Type="bool">false</EnableAlphaTest>
      <EnableDepthTest Type="bool">true</EnableDepthTest>
      <EnableDepthMask Type="bool">true</EnableDepthMask>
      <BlendFunc>
        <Src Type="blendfunc_src">GL_ONE</Src>
        <Dst Type="blendfunc_dst">GL_ZERO</Dst>
      </BlendFunc>
      <Sampler2D Name="uAlbedoTexture">
        <IsEnable Type="bool">true</IsEnable>
        <FileName Type="string">headwear0208_AL00.tga</FileName>
        <UVIdx Type="int">0</UVIdx>
        <GL_TEXTURE_MAG_FILTER Type="sampler2D_filter_mag">GL_LINEAR</GL_TEXTURE_MAG_FILTER>
        <GL_TEXTURE_MIN_FILTER Type="sampler2D_filter_min">GL_LINEAR</GL_TEXTURE_MIN_FILTER>
        <GL_TEXTURE_WRAP_S Type="sampler2D_wrap">GL_MIRRORED_REPEAT</GL_TEXTURE_WRAP_S>
        <GL_TEXTURE_WRAP_T Type="sampler2D_wrap">GL_MIRRORED_REPEAT</GL_TEXTURE_WRAP_T>
      </Sampler2D>
      <Sampler2D Name="uNormalTexture">
        <IsEnable Type="bool">true</IsEnable>
        <FileName Type="string">headwear0208_NRM.tga</FileName>
        <UVIdx Type="int">0</UVIdx>
        <GL_TEXTURE_MAG_FILTER Type="sampler2D_filter_mag">GL_LINEAR</GL_TEXTURE_MAG_FILTER>
        <GL_TEXTURE_MIN_FILTER Type="sampler2D_filter_min">GL_LINEAR</GL_TEXTURE_MIN_FILTER>
        <GL_TEXTURE_WRAP_S Type="sampler2D_wrap">GL_MIRRORED_REPEAT</GL_TEXTURE_WRAP_S>
        <GL_TEXTURE_WRAP_T Type="sampler2D_wrap">GL_MIRRORED_REPEAT</GL_TEXTURE_WRAP_T>
      </Sampler2D>
      <Sampler2D Name="uMaskTexture">
        <IsEnable Type="bool">true</IsEnable>
        <FileName Type="string">headwear0208_MSK.tga</FileName>
        <UVIdx Type="int">0</UVIdx>
        <GL_TEXTURE_MAG_FILTER Type="sampler2D_filter_mag">GL_LINEAR</GL_TEXTURE_MAG_FILTER>
        <GL_TEXTURE_MIN_FILTER Type="sampler2D_filter_min">GL_LINEAR</GL_TEXTURE_MIN_FILTER>
        <GL_TEXTURE_WRAP_S Type="sampler2D_wrap">GL_MIRRORED_REPEAT</GL_TEXTURE_WRAP_S>
        <GL_TEXTURE_WRAP_T Type="sampler2D_wrap">GL_MIRRORED_REPEAT</GL_TEXTURE_WRAP_T>
      </Sampler2D>
      <Sampler2D Name="uAlphaTexture">
        <IsEnable Type="bool">false</IsEnable>
        <FileName Type="string" />
        <UVIdx Type="int">0</UVIdx>
        <GL_TEXTURE_MAG_FILTER Type="sampler2D_filter_mag">GL_LINEAR</GL_TEXTURE_MAG_FILTER>
        <GL_TEXTURE_MIN_FILTER Type="sampler2D_filter_min">GL_LINEAR</GL_TEXTURE_MIN_FILTER>
        <GL_TEXTURE_WRAP_S Type="sampler2D_wrap">GL_REPEAT</GL_TEXTURE_WRAP_S>
        <GL_TEXTURE_WRAP_T Type="sampler2D_wrap">GL_REPEAT</GL_TEXTURE_WRAP_T>
      </Sampler2D>
      <Accessory optional="true">
        <RootType Type="int" />
        <TranslateScaleWeight Type="float" />
        <TranslateScaleWeightOffset Type="float" />
        <ScaleWeight Type="float" />
      </Accessory>
      <Transform optional="true">
        <Index Type="int" />
        <Translate Type="VEC3" />
        <Rotate Type="VEC3" />
      </Transform>
      <HeadWear optional="true">
        <Type Type="int" />
        <Transform>
          <Index Type="int" />
          <Translate Type="VEC3" />
          <Rotate Type="VEC3" />
        </Transform>
      </HeadWear>
      <Capture optional="true">
        <Camera Type="string" />
      </Capture>
    </Material>
  </Materials>
  <UserData>
    <HeadWear>
      <Type Type="int">2</Type>
      <Transform>
        <Index Type="int">6</Index>
        <Translate Type="VEC3">0 0 -0.35</Translate>
        <Rotate Type="VEC3">0 0 0</Rotate>
      </Transform>
      <Transform>
        <Index Type="int">21</Index>
        <Translate Type="VEC3">0 -0.1 0.2</Translate>
        <Rotate Type="VEC3">0 0 0</Rotate>
      </Transform>
      <Transform>
        <Index Type="int">54</Index>
        <Translate Type="VEC3">0 0 -0.2</Translate>
        <Rotate Type="VEC3">0 0 0</Rotate>
      </Transform>
      <Transform>
        <Index Type="int">58</Index>
        <Translate Type="VEC3">0 0 -0.1</Translate>
        <Rotate Type="VEC3">0 0 0</Rotate>
      </Transform>
      <Transform>
        <Index Type="int">61</Index>
        <Translate Type="VEC3">0 0 -0.1</Translate>
        <Rotate Type="VEC3">0 0 0</Rotate>
      </Transform>
      <Transform>
        <Index Type="int">72</Index>
        <Translate Type="VEC3">0 0.1 -0.5</Translate>
        <Rotate Type="VEC3">0 0 0</Rotate>
      </Transform>
      <Transform>
        <Index Type="int">74</Index>
        <Translate Type="VEC3">0 0.05 0.2</Translate>
        <Rotate Type="VEC3">0 0 0</Rotate>
      </Transform>
      <Transform>
        <Index Type="int">82</Index>
        <Translate Type="VEC3">0 0 -0.3</Translate>
        <Rotate Type="VEC3">0 0 0</Rotate>
      </Transform>
      <Transform>
        <Index Type="int">84</Index>
        <Translate Type="VEC3">0 0.05 -0.5</Translate>
        <Rotate Type="VEC3">0 0 0</Rotate>
      </Transform>
      <Transform>
        <Index Type="int">95</Index>
        <Translate Type="VEC3">0 0 -0.35</Translate>
        <Rotate Type="VEC3">0 0 0</Rotate>
      </Transform>
      <Transform>
        <Index Type="int">102</Index>
        <Translate Type="VEC3">0 0.1 0</Translate>
        <Rotate Type="VEC3">0 0 0</Rotate>
      </Transform>
      <Transform>
        <Index Type="int">106</Index>
        <Translate Type="VEC3">0 -0.1 0.15</Translate>
        <Rotate Type="VEC3">0 0 0</Rotate>
      </Transform>
      <Transform>
        <Index Type="int">122</Index>
        <Translate Type="VEC3">0 0 -0.25</Translate>
        <Rotate Type="VEC3">0 0 0</Rotate>
      </Transform>
      <Transform>
        <Index Type="int">123</Index>
        <Translate Type="VEC3">0 0.05 -0.6</Translate>
        <Rotate Type="VEC3">0 0 0</Rotate>
      </Transform>
      <Transform>
        <Index Type="int">124</Index>
        <Translate Type="VEC3">0 0 0.45</Translate>
        <Rotate Type="VEC3">0 0 0</Rotate>
      </Transform>
      <Transform>
        <Index Type="int">130</Index>
        <Translate Type="VEC3">0 0 -0.5</Translate>
        <Rotate Type="VEC3">0 0 0</Rotate>
      </Transform>
      <ApplyHairMaskWhenSkinhead Type="bool">true</ApplyHairMaskWhenSkinhead>
    </HeadWear>
    <ColorList>
      <Color Name="0" Type="RGB">0.922 0.706 0.816</Color>
      <Color Name="1" Type="RGB">0.647 0.604 0.792</Color>
      <Color Name="2" Type="RGB">0.647 0.831 0.678</Color>
      <Color Name="3" Type="RGB">0.639 0.737 0.886</Color>
      <Color Name="4" Type="RGB">0.239 0.239 0.239</Color>
      <Color Name="5" Type="RGB">0.851 0.729 0.549</Color>
    </ColorList>
  </UserData>
  <ArchModelMetadata>
    <RawData>
      <Name>C:/Users/ikeda/AppData/Local/Temp/headwear0208.ma</Name>
    </RawData>
    <Type />
    <Silhouette />
    <State />
    <Gender />
    <PartRange>
      <Begin />
      <End />
    </PartRange>
    <Exclusion>
      <CategoryList>
        <Category>
          <Type>all</Type>
          <AcceptableSilhoette />
        </Category>
      </CategoryList>
      <ItemList />
    </Exclusion>
  </ArchModelMetadata>
</Model>