﻿<?xml version="1.0" encoding="utf-8"?>
<Model Name="headwear0053.Mdl">
  <XmlVersion Type="int">5</XmlVersion>
  <Meshes Type="null">
    <Mesh Name="headwear0053">
      <Priority Type="int">1</Priority>
    </Mesh>
  </Meshes>
  <Materials Type="null">
    <Material Name="mtHw00">
      <Shader Type="shader">LUT</Shader>
      <EnableLighting Type="bool">true</EnableLighting>
      <LutFr Type="curve">fresnelSilky01.tga</LutFr>
      <LutSp Type="curve">specularSilky01.tga</LutSp>
      <LightSetIndex Type="int">0</LightSetIndex>
      <SphereMap Type="sphereMap" />
      <Culling Type="cull_mode">Back</Culling>
      <IsXlu Type="bool">false</IsXlu>
      <EnableAlphaTest Type="bool">false</EnableAlphaTest>
      <EnableDepthTest Type="bool">true</EnableDepthTest>
      <EnableDepthMask Type="bool">true</EnableDepthMask>
      <BlendFunc>
        <Src Type="blendfunc_src">GL_ONE</Src>
        <Dst Type="blendfunc_dst">GL_ZERO</Dst>
      </BlendFunc>
      <Sampler2D Name="uAlbedoTexture">
        <IsEnable Type="bool">true</IsEnable>
        <FileName Type="string">headwear0053_AL00.tga</FileName>
        <UVIdx Type="int">0</UVIdx>
        <GL_TEXTURE_MAG_FILTER Type="sampler2D_filter_mag">GL_LINEAR</GL_TEXTURE_MAG_FILTER>
        <GL_TEXTURE_MIN_FILTER Type="sampler2D_filter_min">GL_LINEAR</GL_TEXTURE_MIN_FILTER>
        <GL_TEXTURE_WRAP_S Type="sampler2D_wrap">GL_MIRRORED_REPEAT</GL_TEXTURE_WRAP_S>
        <GL_TEXTURE_WRAP_T Type="sampler2D_wrap">GL_MIRRORED_REPEAT</GL_TEXTURE_WRAP_T>
      </Sampler2D>
      <Sampler2D Name="uNormalTexture">
        <IsEnable Type="bool">true</IsEnable>
        <FileName Type="string">headwear0053_NRM.tga</FileName>
        <UVIdx Type="int">0</UVIdx>
        <GL_TEXTURE_MAG_FILTER Type="sampler2D_filter_mag">GL_LINEAR</GL_TEXTURE_MAG_FILTER>
        <GL_TEXTURE_MIN_FILTER Type="sampler2D_filter_min">GL_LINEAR</GL_TEXTURE_MIN_FILTER>
        <GL_TEXTURE_WRAP_S Type="sampler2D_wrap">GL_MIRRORED_REPEAT</GL_TEXTURE_WRAP_S>
        <GL_TEXTURE_WRAP_T Type="sampler2D_wrap">GL_MIRRORED_REPEAT</GL_TEXTURE_WRAP_T>
      </Sampler2D>
      <Sampler2D Name="uMaskTexture">
        <IsEnable Type="bool">true</IsEnable>
        <FileName Type="string">headwear0053_MSK.tga</FileName>
        <UVIdx Type="int">0</UVIdx>
        <GL_TEXTURE_MAG_FILTER Type="sampler2D_filter_mag">GL_LINEAR</GL_TEXTURE_MAG_FILTER>
        <GL_TEXTURE_MIN_FILTER Type="sampler2D_filter_min">GL_LINEAR</GL_TEXTURE_MIN_FILTER>
        <GL_TEXTURE_WRAP_S Type="sampler2D_wrap">GL_MIRRORED_REPEAT</GL_TEXTURE_WRAP_S>
        <GL_TEXTURE_WRAP_T Type="sampler2D_wrap">GL_MIRRORED_REPEAT</GL_TEXTURE_WRAP_T>
      </Sampler2D>
      <Sampler2D Name="uAlphaTexture">
        <IsEnable Type="bool">false</IsEnable>
        <FileName Type="string" />
        <UVIdx Type="int">0</UVIdx>
        <GL_TEXTURE_MAG_FILTER Type="sampler2D_filter_mag">GL_LINEAR</GL_TEXTURE_MAG_FILTER>
        <GL_TEXTURE_MIN_FILTER Type="sampler2D_filter_min">GL_LINEAR</GL_TEXTURE_MIN_FILTER>
        <GL_TEXTURE_WRAP_S Type="sampler2D_wrap">GL_REPEAT</GL_TEXTURE_WRAP_S>
        <GL_TEXTURE_WRAP_T Type="sampler2D_wrap">GL_REPEAT</GL_TEXTURE_WRAP_T>
      </Sampler2D>
    </Material>
  </Materials>
  <UserData>
    <HeadWear>
      <Type Type="int">1</Type>
      <Transform>
        <Index Type="int" />
        <Translate Type="VEC3" />
        <Rotate Type="VEC3" />
      </Transform>
      <ApplyHairMaskWhenSkinhead Type="bool">true</ApplyHairMaskWhenSkinhead>
    </HeadWear>
    <Capture>
      <Camera>cameraMqCapHW00.xml</Camera>
    </Capture>
    <ColorList>
      <Color Name="0" Type="RGB">0.306 0.259 0.259</Color>
      <Color Name="1" Type="RGB">0.494 0.000 0.000</Color>
      <Color Name="2" Type="RGB">0.106 0.106 0.106</Color>
      <Color Name="3" Type="RGB">1.000 0.082 0.576</Color>
      <Color Name="4" Type="RGB">0.647 0.604 0.792</Color>
      <Color Name="5" Type="RGB">0.957 0.706 0.816</Color>
      <Color Name="6" Type="RGB">0.988 0.843 0.631</Color>
      <Color Name="7" Type="RGB">1.000 0.976 0.694</Color>
      <Color Name="8" Type="RGB">0.647 0.831 0.678</Color>
      <Color Name="9" Type="RGB">1.000 0.988 0.859</Color>
    </ColorList>
  </UserData>
  <ArchModelMetadata>
    <RawData>
      <Name>C:/Users/ikezoe/AppData/Local/Temp/headwear0053.ma</Name>
    </RawData>
    <Type />
    <Silhouette />
    <State />
    <Gender />
    <PartRange>
      <Begin />
      <End />
    </PartRange>
    <Exclusion>
      <CategoryList>
        <Category>
          <Type>all</Type>
          <AcceptableSilhoette />
        </Category>
      </CategoryList>
      <ItemList />
    </Exclusion>
  </ArchModelMetadata>
</Model>