﻿<?xml version="1.0" encoding="utf-8"?>
<Model Name="headwear1025.Mdl">
  <XmlVersion Type="int">5</XmlVersion>
  <Meshes Type="null">
    <Mesh Name="headwear1025">
      <Priority Type="int">1</Priority>
    </Mesh>
  </Meshes>
  <Materials Type="null">
    <Material Name="mtHw00">
      <Shader Type="shader">LUT</Shader>
      <EnableLighting Type="bool">true</EnableLighting>
      <LutFr Type="curve">fresnelDefault03.tga</LutFr>
      <LutSp Type="curve">specularSilky01.tga</LutSp>
      <LightSetIndex Type="int">0</LightSetIndex>
      <SphereMap Type="sphereMap" />
      <Culling Type="cull_mode">Back</Culling>
      <IsXlu Type="bool">false</IsXlu>
      <EnableAlphaTest Type="bool">false</EnableAlphaTest>
      <EnableDepthTest Type="bool">true</EnableDepthTest>
      <EnableDepthMask Type="bool">true</EnableDepthMask>
      <BlendFunc>
        <Src Type="blendfunc_src">GL_ONE</Src>
        <Dst Type="blendfunc_dst">GL_ZERO</Dst>
      </BlendFunc>
      <Sampler2D Name="uAlbedoTexture">
        <IsEnable Type="bool">true</IsEnable>
        <FileName Type="string">headwear1025_AL00.tga</FileName>
        <UVIdx Type="int">0</UVIdx>
        <GL_TEXTURE_MAG_FILTER Type="sampler2D_filter_mag">GL_LINEAR</GL_TEXTURE_MAG_FILTER>
        <GL_TEXTURE_MIN_FILTER Type="sampler2D_filter_min">GL_LINEAR</GL_TEXTURE_MIN_FILTER>
        <GL_TEXTURE_WRAP_S Type="sampler2D_wrap">GL_MIRRORED_REPEAT</GL_TEXTURE_WRAP_S>
        <GL_TEXTURE_WRAP_T Type="sampler2D_wrap">GL_MIRRORED_REPEAT</GL_TEXTURE_WRAP_T>
      </Sampler2D>
      <Sampler2D Name="uNormalTexture">
        <IsEnable Type="bool">true</IsEnable>
        <FileName Type="string">headwear1025_NRM.tga</FileName>
        <UVIdx Type="int">0</UVIdx>
        <GL_TEXTURE_MAG_FILTER Type="sampler2D_filter_mag">GL_LINEAR</GL_TEXTURE_MAG_FILTER>
        <GL_TEXTURE_MIN_FILTER Type="sampler2D_filter_min">GL_LINEAR</GL_TEXTURE_MIN_FILTER>
        <GL_TEXTURE_WRAP_S Type="sampler2D_wrap">GL_MIRRORED_REPEAT</GL_TEXTURE_WRAP_S>
        <GL_TEXTURE_WRAP_T Type="sampler2D_wrap">GL_MIRRORED_REPEAT</GL_TEXTURE_WRAP_T>
      </Sampler2D>
      <Sampler2D Name="uMaskTexture">
        <IsEnable Type="bool">true</IsEnable>
        <FileName Type="string">headwear1025_MSK.tga</FileName>
        <UVIdx Type="int">0</UVIdx>
        <GL_TEXTURE_MAG_FILTER Type="sampler2D_filter_mag">GL_LINEAR</GL_TEXTURE_MAG_FILTER>
        <GL_TEXTURE_MIN_FILTER Type="sampler2D_filter_min">GL_LINEAR</GL_TEXTURE_MIN_FILTER>
        <GL_TEXTURE_WRAP_S Type="sampler2D_wrap">GL_MIRRORED_REPEAT</GL_TEXTURE_WRAP_S>
        <GL_TEXTURE_WRAP_T Type="sampler2D_wrap">GL_MIRRORED_REPEAT</GL_TEXTURE_WRAP_T>
      </Sampler2D>
      <Sampler2D Name="uAlphaTexture">
        <IsEnable Type="bool">false</IsEnable>
        <FileName Type="string" />
        <UVIdx Type="int">0</UVIdx>
        <GL_TEXTURE_MAG_FILTER Type="sampler2D_filter_mag">GL_LINEAR</GL_TEXTURE_MAG_FILTER>
        <GL_TEXTURE_MIN_FILTER Type="sampler2D_filter_min">GL_LINEAR</GL_TEXTURE_MIN_FILTER>
        <GL_TEXTURE_WRAP_S Type="sampler2D_wrap">GL_MIRRORED_REPEAT</GL_TEXTURE_WRAP_S>
        <GL_TEXTURE_WRAP_T Type="sampler2D_wrap">GL_MIRRORED_REPEAT</GL_TEXTURE_WRAP_T>
      </Sampler2D>
    </Material>
  </Materials>
  <UserData>
    <HeadWear>
      <Type Type="int">6</Type>
      <ApplyHairMaskWhenSkinhead Type="bool">true</ApplyHairMaskWhenSkinhead>
      <Transform>
        <Index Type="int">1</Index>
        <Translate Type="VEC3">0 -0.05 0</Translate>
        <Rotate Type="VEC3" />
      </Transform>
      <Transform>
        <Index Type="int">2</Index>
        <Translate Type="VEC3">0 0.3 0</Translate>
        <Rotate Type="VEC3" />
      </Transform>
      <Transform>
        <Index Type="int">4</Index>
        <Translate Type="VEC3">0 0 0</Translate>
        <Rotate Type="VEC3" />
      </Transform>
      <Transform>
        <Index Type="int">5</Index>
        <Translate Type="VEC3">0 0.1 -0.1</Translate>
        <Rotate Type="VEC3" />
      </Transform>
      <Transform>
        <Index Type="int">6</Index>
        <Translate Type="VEC3">0 0.1 0</Translate>
        <Rotate Type="VEC3" />
      </Transform>
      <Transform>
        <Index Type="int">20</Index>
        <Translate Type="VEC3">0 0.1 0</Translate>
        <Rotate Type="VEC3" />
      </Transform>
      <Transform>
        <Index Type="int">21</Index>
        <Translate Type="VEC3">0 0.2 0</Translate>
        <Rotate Type="VEC3" />
      </Transform>
      <Transform>
        <Index Type="int">22</Index>
        <Translate Type="VEC3">0 0.1 0</Translate>
        <Rotate Type="VEC3" />
      </Transform>
      <Transform>
        <Index Type="int">24</Index>
        <Translate Type="VEC3">0 0.1 -0.1</Translate>
        <Rotate Type="VEC3" />
      </Transform>
      <Transform>
        <Index Type="int">25</Index>
        <Translate Type="VEC3">0 0 -0.05</Translate>
        <Rotate Type="VEC3" />
      </Transform>
      <Transform>
        <Index Type="int">31</Index>
        <Translate Type="VEC3">0 0.25 -0.2</Translate>
        <Rotate Type="VEC3" />
      </Transform>
      <Transform>
        <Index Type="int">32</Index>
        <Translate Type="VEC3">0 0.2 0</Translate>
        <Rotate Type="VEC3" />
      </Transform>
      <Transform>
        <Index Type="int">33</Index>
        <Translate Type="VEC3">0 0.05 0</Translate>
        <Rotate Type="VEC3" />
      </Transform>
      <Transform>
        <Index Type="int">42</Index>
        <Translate Type="VEC3">0 0.17 -0.07</Translate>
        <Rotate Type="VEC3" />
      </Transform>
      <Transform>
        <Index Type="int">53</Index>
        <Translate Type="VEC3">0 0.1 -0.1</Translate>
        <Rotate Type="VEC3" />
      </Transform>
      <Transform>
        <Index Type="int">54</Index>
        <Translate Type="VEC3">0 0.2 -0.1</Translate>
        <Rotate Type="VEC3" />
      </Transform>
      <Transform>
        <Index Type="int">55</Index>
        <Translate Type="VEC3">0 0.1 0</Translate>
        <Rotate Type="VEC3" />
      </Transform>
      <Transform>
        <Index Type="int">58</Index>
        <Translate Type="VEC3">0 0.15 -0.1</Translate>
        <Rotate Type="VEC3" />
      </Transform>
      <Transform>
        <Index Type="int">63</Index>
        <Translate Type="VEC3">0 0.2 0</Translate>
        <Rotate Type="VEC3" />
      </Transform>
      <Transform>
        <Index Type="int">69</Index>
        <Translate Type="VEC3">0 0.15 0</Translate>
        <Rotate Type="VEC3" />
      </Transform>
      <Transform>
        <Index Type="int">71</Index>
        <Translate Type="VEC3">0 0.15 -0.05</Translate>
        <Rotate Type="VEC3" />
      </Transform>
      <Transform>
        <Index Type="int">72</Index>
        <Translate Type="VEC3">0 0.2 0</Translate>
        <Rotate Type="VEC3" />
      </Transform>
      <Transform>
        <Index Type="int">73</Index>
        <Translate Type="VEC3">0 0.1 0</Translate>
        <Rotate Type="VEC3" />
      </Transform>
      <Transform>
        <Index Type="int">74</Index>
        <Translate Type="VEC3">0 0.15 -0.05</Translate>
        <Rotate Type="VEC3" />
      </Transform>
      <Transform>
        <Index Type="int">75</Index>
        <Translate Type="VEC3">0 0.25 0</Translate>
        <Rotate Type="VEC3" />
      </Transform>
      <Transform>
        <Index Type="int">76</Index>
        <Translate Type="VEC3">0 0.2 -0.1</Translate>
        <Rotate Type="VEC3" />
      </Transform>
      <Transform>
        <Index Type="int">77</Index>
        <Translate Type="VEC3">0 0.2 0</Translate>
        <Rotate Type="VEC3" />
      </Transform>
      <Transform>
        <Index Type="int">79</Index>
        <Translate Type="VEC3">0 -0.05 0</Translate>
        <Rotate Type="VEC3" />
      </Transform>
      <Transform>
        <Index Type="int">83</Index>
        <Translate Type="VEC3">0 0.2 -0.07</Translate>
        <Rotate Type="VEC3" />
      </Transform>
      <Transform>
        <Index Type="int">82</Index>
        <Translate Type="VEC3">0 0.1 0</Translate>
        <Rotate Type="VEC3" />
      </Transform>
      <Transform>
        <Index Type="int">84</Index>
        <Translate Type="VEC3">0 0.2 0</Translate>
        <Rotate Type="VEC3" />
      </Transform>
      <Transform>
        <Index Type="int">85</Index>
        <Translate Type="VEC3">0 0.1 0</Translate>
        <Rotate Type="VEC3" />
      </Transform>
      <Transform>
        <Index Type="int">87</Index>
        <Translate Type="VEC3">0 0.2 0</Translate>
        <Rotate Type="VEC3" />
      </Transform>
      <Transform>
        <Index Type="int">91</Index>
        <Translate Type="VEC3">0 0.1 0</Translate>
        <Rotate Type="VEC3" />
      </Transform>
      <Transform>
        <Index Type="int">92</Index>
        <Translate Type="VEC3">0 0.2 -0.2</Translate>
        <Rotate Type="VEC3" />
      </Transform>
      <Transform>
        <Index Type="int">93</Index>
        <Translate Type="VEC3">0 0.15 0</Translate>
        <Rotate Type="VEC3" />
      </Transform>
      <Transform>
        <Index Type="int">94</Index>
        <Translate Type="VEC3">0 0.2 -0.1</Translate>
        <Rotate Type="VEC3" />
      </Transform>
      <Transform>
        <Index Type="int">95</Index>
        <Translate Type="VEC3">0 0.15 0</Translate>
        <Rotate Type="VEC3" />
      </Transform>
      <Transform>
        <Index Type="int">96</Index>
        <Translate Type="VEC3">0 0.05 0</Translate>
        <Rotate Type="VEC3" />
      </Transform>
      <Transform>
        <Index Type="int">98</Index>
        <Translate Type="VEC3">0 0.15 0</Translate>
        <Rotate Type="VEC3" />
      </Transform>
      <Transform>
        <Index Type="int">104</Index>
        <Translate Type="VEC3">0 0.1 0</Translate>
        <Rotate Type="VEC3" />
      </Transform>
      <Transform>
        <Index Type="int">105</Index>
        <Translate Type="VEC3">0 0.1 0</Translate>
        <Rotate Type="VEC3" />
      </Transform>
      <Transform>
        <Index Type="int">106</Index>
        <Translate Type="VEC3">0 0.15 -0.05</Translate>
        <Rotate Type="VEC3" />
      </Transform>
      <Transform>
        <Index Type="int">107</Index>
        <Translate Type="VEC3">0 0.1 0</Translate>
        <Rotate Type="VEC3" />
      </Transform>
      <Transform>
        <Index Type="int">108</Index>
        <Translate Type="VEC3">0 0.1 0</Translate>
        <Rotate Type="VEC3" />
      </Transform>
      <Transform>
        <Index Type="int">112</Index>
        <Translate Type="VEC3">0 0.1 0</Translate>
        <Rotate Type="VEC3" />
      </Transform>
      <Transform>
        <Index Type="int">115</Index>
        <Translate Type="VEC3">0 0.2 0</Translate>
        <Rotate Type="VEC3" />
      </Transform>
      <Transform>
        <Index Type="int">116</Index>
        <Translate Type="VEC3">0 0.1 -0.1</Translate>
        <Rotate Type="VEC3" />
      </Transform>
      <Transform>
        <Index Type="int">120</Index>
        <Translate Type="VEC3">0 0.05 0</Translate>
        <Rotate Type="VEC3" />
      </Transform>
      <Transform>
        <Index Type="int">121</Index>
        <Translate Type="VEC3">0 0.15 0</Translate>
        <Rotate Type="VEC3" />
      </Transform>
      <Transform>
        <Index Type="int">122</Index>
        <Translate Type="VEC3">0 0.25 -0.1</Translate>
        <Rotate Type="VEC3" />
      </Transform>
      <Transform>
        <Index Type="int">123</Index>
        <Translate Type="VEC3">0 0.18 0</Translate>
        <Rotate Type="VEC3" />
      </Transform>
      <Transform>
        <Index Type="int">124</Index>
        <Translate Type="VEC3">0 0.15 -0.05</Translate>
        <Rotate Type="VEC3" />
      </Transform>
      <Transform>
        <Index Type="int">125</Index>
        <Translate Type="VEC3">0 0.1 0</Translate>
        <Rotate Type="VEC3" />
      </Transform>
      <Transform>
        <Index Type="int">128</Index>
        <Translate Type="VEC3">0 0.1 0</Translate>
        <Rotate Type="VEC3" />
      </Transform>
      <Transform>
        <Index Type="int">129</Index>
        <Translate Type="VEC3">0 0.1 -0.1</Translate>
        <Rotate Type="VEC3" />
      </Transform>
      <Transform>
        <Index Type="int">130</Index>
        <Translate Type="VEC3">0 0.2 0</Translate>
        <Rotate Type="VEC3" />
      </Transform>
      <Transform>
        <Index Type="int">131</Index>
        <Translate Type="VEC3">0 0.1 -0.15</Translate>
        <Rotate Type="VEC3" />
      </Transform>
    </HeadWear>
    <Capture>
      <Camera Type="capture_camera">cameraMqCapHW00.xml</Camera>
    </Capture>
    <ColorList>
      <Color Name="0" Type="RGB">0.780 0.000 0.047</Color>
      <Color Name="1" Type="RGB">0.000 0.514 0.259</Color>
      <Color Name="2" Type="RGB">0.122 0.122 0.122</Color>
    </ColorList>
  </UserData>
  <ArchModelMetadata>
    <RawData>
      <Name>C:/Users/rana/AppData/Local/Temp/headwear1025.ma</Name>
    </RawData>
    <Type />
    <Silhouette />
    <State />
    <Gender />
    <PartRange>
      <Begin />
      <End />
    </PartRange>
    <Exclusion>
      <CategoryList>
        <Category>
          <Type>all</Type>
          <AcceptableSilhoette />
        </Category>
      </CategoryList>
      <ItemList />
    </Exclusion>
  </ArchModelMetadata>
</Model>