﻿<?xml version="1.0" encoding="utf-8"?>
<Model Name="headwear0309.Mdl">
  <XmlVersion Type="int">5</XmlVersion>
  <Meshes Type="null">
    <Mesh Name="unitePolyMesh-submesh0">
      <Priority Type="int">1</Priority>
    </Mesh>
    <Mesh Name="unitePolyMesh-submesh1">
      <Priority Type="int">1</Priority>
    </Mesh>
  </Meshes>
  <Materials Type="null">
    <Material Name="mtHw01">
      <Shader Type="shader">LUT</Shader>
      <EnableLighting Type="bool">true</EnableLighting>
      <LutFr Type="curve">fresnelDefault03.tga</LutFr>
      <LutSp Type="curve">specularDefault03.tga</LutSp>
      <LightSetIndex Type="int">0</LightSetIndex>
      <SphereMap Type="sphereMap"></SphereMap>
      <Culling Type="cull_mode">None</Culling>
      <IsXlu Type="bool">false</IsXlu>
      <EnableAlphaTest Type="bool">false</EnableAlphaTest>
      <EnableDepthTest Type="bool">true</EnableDepthTest>
      <EnableDepthMask Type="bool">true</EnableDepthMask>
      <BlendFunc>
        <Src Type="blendfunc_src">GL_ONE</Src>
        <Dst Type="blendfunc_dst">GL_ZERO</Dst>
      </BlendFunc>
      <Sampler2D Name="uAlbedoTexture">
        <IsEnable Type="bool">true</IsEnable>
        <FileName Type="string">headwear0309_AL00.tga</FileName>
        <UVIdx Type="int">0</UVIdx>
        <GL_TEXTURE_MAG_FILTER Type="sampler2D_filter_mag">GL_LINEAR</GL_TEXTURE_MAG_FILTER>
        <GL_TEXTURE_MIN_FILTER Type="sampler2D_filter_min">GL_LINEAR</GL_TEXTURE_MIN_FILTER>
        <GL_TEXTURE_WRAP_S Type="sampler2D_wrap">GL_MIRRORED_REPEAT</GL_TEXTURE_WRAP_S>
        <GL_TEXTURE_WRAP_T Type="sampler2D_wrap">GL_MIRRORED_REPEAT</GL_TEXTURE_WRAP_T>
      </Sampler2D>
      <Sampler2D Name="uNormalTexture">
        <IsEnable Type="bool">true</IsEnable>
        <FileName Type="string">headwear0309_NRM.tga</FileName>
        <UVIdx Type="int">0</UVIdx>
        <GL_TEXTURE_MAG_FILTER Type="sampler2D_filter_mag">GL_LINEAR</GL_TEXTURE_MAG_FILTER>
        <GL_TEXTURE_MIN_FILTER Type="sampler2D_filter_min">GL_LINEAR</GL_TEXTURE_MIN_FILTER>
        <GL_TEXTURE_WRAP_S Type="sampler2D_wrap">GL_MIRRORED_REPEAT</GL_TEXTURE_WRAP_S>
        <GL_TEXTURE_WRAP_T Type="sampler2D_wrap">GL_MIRRORED_REPEAT</GL_TEXTURE_WRAP_T>
      </Sampler2D>
      <Sampler2D Name="uMaskTexture">
        <IsEnable Type="bool">true</IsEnable>
        <FileName Type="string">headwear0309_MSK.tga</FileName>
        <UVIdx Type="int">0</UVIdx>
        <GL_TEXTURE_MAG_FILTER Type="sampler2D_filter_mag">GL_LINEAR</GL_TEXTURE_MAG_FILTER>
        <GL_TEXTURE_MIN_FILTER Type="sampler2D_filter_min">GL_LINEAR</GL_TEXTURE_MIN_FILTER>
        <GL_TEXTURE_WRAP_S Type="sampler2D_wrap">GL_MIRRORED_REPEAT</GL_TEXTURE_WRAP_S>
        <GL_TEXTURE_WRAP_T Type="sampler2D_wrap">GL_MIRRORED_REPEAT</GL_TEXTURE_WRAP_T>
      </Sampler2D>
      <Sampler2D Name="uAlphaTexture">
        <IsEnable Type="bool">false</IsEnable>
        <FileName Type="string" />
        <UVIdx Type="int">0</UVIdx>
        <GL_TEXTURE_MAG_FILTER Type="sampler2D_filter_mag">GL_LINEAR</GL_TEXTURE_MAG_FILTER>
        <GL_TEXTURE_MIN_FILTER Type="sampler2D_filter_min">GL_LINEAR</GL_TEXTURE_MIN_FILTER>
        <GL_TEXTURE_WRAP_S Type="sampler2D_wrap">GL_REPEAT</GL_TEXTURE_WRAP_S>
        <GL_TEXTURE_WRAP_T Type="sampler2D_wrap">GL_REPEAT</GL_TEXTURE_WRAP_T>
      </Sampler2D>
      <Accessory optional="true">
        <RootType Type="int" />
        <TranslateScaleWeight Type="float" />
        <TranslateScaleWeightOffset Type="float" />
        <ScaleWeight Type="float" />
      </Accessory>
      <Transform optional="true">
        <Index Type="int" />
        <Translate Type="VEC3" />
        <Rotate Type="VEC3" />
      </Transform>
      <HeadWear optional="true">
        <Type Type="int">1</Type>
        <Transform>
          <Index Type="int" />
          <Translate Type="VEC3" />
          <Rotate Type="VEC3" />
        </Transform>
      </HeadWear>
      <Capture optional="true">
        <Camera Type="string" />
      </Capture>
    </Material>
    <Material Name="mtHw00">
      <Shader Type="shader">LUT</Shader>
      <EnableLighting Type="bool">true</EnableLighting>
      <LutFr Type="curve">fresnelDefault04.tga</LutFr>
      <LutSp Type="curve">specularDefault04.tga</LutSp>
      <LightSetIndex Type="int">0</LightSetIndex>
      <SphereMap Type="sphereMap"></SphereMap>
      <Culling Type="cull_mode">Back</Culling>
      <IsXlu Type="bool">false</IsXlu>
      <EnableAlphaTest Type="bool">false</EnableAlphaTest>
      <EnableDepthTest Type="bool">true</EnableDepthTest>
      <EnableDepthMask Type="bool">true</EnableDepthMask>
      <BlendFunc>
        <Src Type="blendfunc_src">GL_ONE</Src>
        <Dst Type="blendfunc_dst">GL_ZERO</Dst>
      </BlendFunc>
      <Sampler2D Name="uAlbedoTexture">
        <IsEnable Type="bool">true</IsEnable>
        <FileName Type="string">headwear0309_AL00.tga</FileName>
        <UVIdx Type="int">0</UVIdx>
        <GL_TEXTURE_MAG_FILTER Type="sampler2D_filter_mag">GL_LINEAR</GL_TEXTURE_MAG_FILTER>
        <GL_TEXTURE_MIN_FILTER Type="sampler2D_filter_min">GL_LINEAR</GL_TEXTURE_MIN_FILTER>
        <GL_TEXTURE_WRAP_S Type="sampler2D_wrap">GL_MIRRORED_REPEAT</GL_TEXTURE_WRAP_S>
        <GL_TEXTURE_WRAP_T Type="sampler2D_wrap">GL_MIRRORED_REPEAT</GL_TEXTURE_WRAP_T>
      </Sampler2D>
      <Sampler2D Name="uNormalTexture">
        <IsEnable Type="bool">true</IsEnable>
        <FileName Type="string">headwear0309_NRM.tga</FileName>
        <UVIdx Type="int">0</UVIdx>
        <GL_TEXTURE_MAG_FILTER Type="sampler2D_filter_mag">GL_LINEAR</GL_TEXTURE_MAG_FILTER>
        <GL_TEXTURE_MIN_FILTER Type="sampler2D_filter_min">GL_LINEAR</GL_TEXTURE_MIN_FILTER>
        <GL_TEXTURE_WRAP_S Type="sampler2D_wrap">GL_MIRRORED_REPEAT</GL_TEXTURE_WRAP_S>
        <GL_TEXTURE_WRAP_T Type="sampler2D_wrap">GL_MIRRORED_REPEAT</GL_TEXTURE_WRAP_T>
      </Sampler2D>
      <Sampler2D Name="uMaskTexture">
        <IsEnable Type="bool">true</IsEnable>
        <FileName Type="string">headwear0309_MSK.tga</FileName>
        <UVIdx Type="int">0</UVIdx>
        <GL_TEXTURE_MAG_FILTER Type="sampler2D_filter_mag">GL_LINEAR</GL_TEXTURE_MAG_FILTER>
        <GL_TEXTURE_MIN_FILTER Type="sampler2D_filter_min">GL_LINEAR</GL_TEXTURE_MIN_FILTER>
        <GL_TEXTURE_WRAP_S Type="sampler2D_wrap">GL_MIRRORED_REPEAT</GL_TEXTURE_WRAP_S>
        <GL_TEXTURE_WRAP_T Type="sampler2D_wrap">GL_MIRRORED_REPEAT</GL_TEXTURE_WRAP_T>
      </Sampler2D>
      <Sampler2D Name="uAlphaTexture">
        <IsEnable Type="bool">false</IsEnable>
        <FileName Type="string" />
        <UVIdx Type="int">0</UVIdx>
        <GL_TEXTURE_MAG_FILTER Type="sampler2D_filter_mag">GL_LINEAR</GL_TEXTURE_MAG_FILTER>
        <GL_TEXTURE_MIN_FILTER Type="sampler2D_filter_min">GL_LINEAR</GL_TEXTURE_MIN_FILTER>
        <GL_TEXTURE_WRAP_S Type="sampler2D_wrap">GL_REPEAT</GL_TEXTURE_WRAP_S>
        <GL_TEXTURE_WRAP_T Type="sampler2D_wrap">GL_REPEAT</GL_TEXTURE_WRAP_T>
      </Sampler2D>
      <Accessory optional="true">
        <RootType Type="int" />
        <TranslateScaleWeight Type="float" />
        <TranslateScaleWeightOffset Type="float" />
        <ScaleWeight Type="float" />
      </Accessory>
      <Transform optional="true">
        <Index Type="int" />
        <Translate Type="VEC3" />
        <Rotate Type="VEC3" />
      </Transform>
      <HeadWear optional="true">
        <Type Type="int" />
        <Transform>
          <Index Type="int" />
          <Translate Type="VEC3" />
          <Rotate Type="VEC3" />
        </Transform>
      </HeadWear>
      <Capture optional="true">
        <Camera Type="string" />
      </Capture>
    </Material>
  </Materials>
  <UserData>
    <HeadWear>
      <Type Type="int">1</Type>
      <Transform>
        <Index Type="int" />
        <Translate Type="VEC3">0 0 0</Translate>
        <Rotate Type="VEC3">0 0 0</Rotate>
      </Transform>
      <ApplyHairMaskWhenSkinhead Type="bool">true</ApplyHairMaskWhenSkinhead>
      <Transform>
        <Index Type="int">0</Index>
        <Translate Type="VEC3">0 0.2 0</Translate>
        <Rotate Type="VEC3" />
      </Transform>
      <Transform>
        <Index Type="int">1</Index>
        <Translate Type="VEC3">0 0.2 0</Translate>
        <Rotate Type="VEC3" />
      </Transform>
      <Transform>
        <Index Type="int">8</Index>
        <Translate Type="VEC3">0 0.3 0</Translate>
        <Rotate Type="VEC3" />
      </Transform>
      <Transform>
        <Index Type="int">10</Index>
        <Translate Type="VEC3">0 0.3 0</Translate>
        <Rotate Type="VEC3" />
      </Transform>
      <Transform>
        <Index Type="int">15</Index>
        <Translate Type="VEC3">0 0.2 0</Translate>
        <Rotate Type="VEC3" />
      </Transform>
      <Transform>
        <Index Type="int">22</Index>
        <Translate Type="VEC3">0 0.2 -0.4</Translate>
        <Rotate Type="VEC3" />
      </Transform>
      <Transform>
        <Index Type="int">28</Index>
        <Translate Type="VEC3">0 0.2 0</Translate>
        <Rotate Type="VEC3" />
      </Transform>
      <Transform>
        <Index Type="int">48</Index>
        <Translate Type="VEC3">0 0.2 0</Translate>
        <Rotate Type="VEC3" />
      </Transform>
      <Transform>
        <Index Type="int">75</Index>
        <Translate Type="VEC3">0 0.2 -0.2</Translate>
        <Rotate Type="VEC3" />
      </Transform>
      <Transform>
        <Index Type="int">83</Index>
        <Translate Type="VEC3">0 0.1 0</Translate>
        <Rotate Type="VEC3" />
      </Transform>
      <Transform>
        <Index Type="int">87</Index>
        <Translate Type="VEC3">0 0.1 0</Translate>
        <Rotate Type="VEC3" />
      </Transform>
      <Transform>
        <Index Type="int">94</Index>
        <Translate Type="VEC3">0 0.2 0</Translate>
        <Rotate Type="VEC3" />
      </Transform>
      <Transform>
        <Index Type="int">96</Index>
        <Translate Type="VEC3">0 0.2 0</Translate>
        <Rotate Type="VEC3" />
      </Transform>
      <Transform>
        <Index Type="int">109</Index>
        <Translate Type="VEC3">0 0.2 0</Translate>
        <Rotate Type="VEC3" />
      </Transform>
      <Transform>
        <Index Type="int">125</Index>
        <Translate Type="VEC3">0 0.5 -1</Translate>
        <Rotate Type="VEC3">-0.2 0 0</Rotate>
      </Transform>
      <Transform>
        <Index Type="int">3</Index>
        <Translate Type="VEC3">0 0.4 0</Translate>
        <Rotate Type="VEC3" />
      </Transform>
      <Transform>
        <Index Type="int">7</Index>
        <Translate Type="VEC3">0 0.3 0</Translate>
        <Rotate Type="VEC3" />
      </Transform>
      <Transform>
        <Index Type="int">9</Index>
        <Translate Type="VEC3">0 0.3 0</Translate>
        <Rotate Type="VEC3">0.2 0 0</Rotate>
      </Transform>
      <Transform>
        <Index Type="int">42</Index>
        <Translate Type="VEC3">0 0.1 0</Translate>
        <Rotate Type="VEC3">0.2 0 0</Rotate>
      </Transform>
      <Transform>
        <Index Type="int">50</Index>
        <Translate Type="VEC3">0 0.3 0</Translate>
        <Rotate Type="VEC3" />
      </Transform>
      <Transform>
        <Index Type="int">71</Index>
        <Translate Type="VEC3">0 0.3 0</Translate>
        <Rotate Type="VEC3" />
      </Transform>
      <Transform>
        <Index Type="int">79</Index>
        <Translate Type="VEC3">0 0.4 0</Translate>
        <Rotate Type="VEC3" />
      </Transform>
      <Transform>
        <Index Type="int">127</Index>
        <Translate Type="VEC3">0 0.5 0</Translate>
        <Rotate Type="VEC3" />
      </Transform>
      <Transform>
        <Index Type="int">59</Index>
        <Translate Type="VEC3">0 0.5 0</Translate>
        <Rotate Type="VEC3">-0.6 0 0</Rotate>
      </Transform>
    </HeadWear>
    <Capture>
      <Camera Type="capture_camera">cameraMqCapHW00.xml</Camera>
    </Capture>
    <ColorList>
      <Color Name="0" Type="RGB">0.784 0.784 0.784</Color>
    </ColorList>
  </UserData>
  <ArchModelMetadata>
    <RawData>
      <Name>C:/Users/ikeda/AppData/Local/Temp/headwear0309.ma</Name>
    </RawData>
    <Type />
    <Silhouette />
    <State />
    <Gender />
    <PartRange>
      <Begin />
      <End />
    </PartRange>
    <Exclusion>
      <CategoryList>
        <Category>
          <Type>all</Type>
          <AcceptableSilhoette />
        </Category>
      </CategoryList>
      <ItemList />
    </Exclusion>
  </ArchModelMetadata>
</Model>