﻿<?xml version="1.0" encoding="utf-8"?>
<Model Name="headwear0724.Mdl">
  <XmlVersion Type="int">5</XmlVersion>
  <Meshes Type="null">
    <Mesh Name="headwear0724-submesh0">
      <Priority Type="int">1</Priority>
    </Mesh>
    <Mesh Name="headwear0724-submesh1">
      <Priority Type="int">1</Priority>
    </Mesh>
  </Meshes>
  <Materials Type="null">
    <Material Name="mtHw00">
      <Shader Type="shader">LUT</Shader>
      <EnableLighting Type="bool">true</EnableLighting>
      <LutFr Type="curve">fresnelDefault05.tga</LutFr>
      <LutSp Type="curve">specularMetal01.tga</LutSp>
      <LightSetIndex Type="int">0</LightSetIndex>
      <SphereMap Type="sphereMap"></SphereMap>
      <Culling Type="cull_mode">Back</Culling>
      <IsXlu Type="bool">false</IsXlu>
      <EnableAlphaTest Type="bool">false</EnableAlphaTest>
      <EnableDepthTest Type="bool">true</EnableDepthTest>
      <EnableDepthMask Type="bool">true</EnableDepthMask>
      <BlendFunc>
        <Src Type="blendfunc_src">GL_ONE</Src>
        <Dst Type="blendfunc_dst">GL_ZERO</Dst>
      </BlendFunc>
      <Sampler2D Name="uAlbedoTexture">
        <IsEnable Type="bool">true</IsEnable>
        <FileName Type="string">headwear0724_AL00.tga</FileName>
        <UVIdx Type="int">0</UVIdx>
        <GL_TEXTURE_MAG_FILTER Type="sampler2D_filter_mag">GL_LINEAR</GL_TEXTURE_MAG_FILTER>
        <GL_TEXTURE_MIN_FILTER Type="sampler2D_filter_min">GL_LINEAR</GL_TEXTURE_MIN_FILTER>
        <GL_TEXTURE_WRAP_S Type="sampler2D_wrap">GL_MIRRORED_REPEAT</GL_TEXTURE_WRAP_S>
        <GL_TEXTURE_WRAP_T Type="sampler2D_wrap">GL_MIRRORED_REPEAT</GL_TEXTURE_WRAP_T>
      </Sampler2D>
      <Sampler2D Name="uNormalTexture">
        <IsEnable Type="bool">true</IsEnable>
        <FileName Type="string">headwear0724_NRM.tga</FileName>
        <UVIdx Type="int">0</UVIdx>
        <GL_TEXTURE_MAG_FILTER Type="sampler2D_filter_mag">GL_LINEAR</GL_TEXTURE_MAG_FILTER>
        <GL_TEXTURE_MIN_FILTER Type="sampler2D_filter_min">GL_LINEAR</GL_TEXTURE_MIN_FILTER>
        <GL_TEXTURE_WRAP_S Type="sampler2D_wrap">GL_MIRRORED_REPEAT</GL_TEXTURE_WRAP_S>
        <GL_TEXTURE_WRAP_T Type="sampler2D_wrap">GL_MIRRORED_REPEAT</GL_TEXTURE_WRAP_T>
      </Sampler2D>
      <Sampler2D Name="uMaskTexture">
        <IsEnable Type="bool">true</IsEnable>
        <FileName Type="string">headwear0724_MSK.tga</FileName>
        <UVIdx Type="int">0</UVIdx>
        <GL_TEXTURE_MAG_FILTER Type="sampler2D_filter_mag">GL_LINEAR</GL_TEXTURE_MAG_FILTER>
        <GL_TEXTURE_MIN_FILTER Type="sampler2D_filter_min">GL_LINEAR</GL_TEXTURE_MIN_FILTER>
        <GL_TEXTURE_WRAP_S Type="sampler2D_wrap">GL_MIRRORED_REPEAT</GL_TEXTURE_WRAP_S>
        <GL_TEXTURE_WRAP_T Type="sampler2D_wrap">GL_MIRRORED_REPEAT</GL_TEXTURE_WRAP_T>
      </Sampler2D>
      <Sampler2D Name="uAlphaTexture">
        <IsEnable Type="bool">false</IsEnable>
        <FileName Type="string" />
        <UVIdx Type="int">0</UVIdx>
        <GL_TEXTURE_MAG_FILTER Type="sampler2D_filter_mag">GL_LINEAR</GL_TEXTURE_MAG_FILTER>
        <GL_TEXTURE_MIN_FILTER Type="sampler2D_filter_min">GL_LINEAR</GL_TEXTURE_MIN_FILTER>
        <GL_TEXTURE_WRAP_S Type="sampler2D_wrap">GL_MIRRORED_REPEAT</GL_TEXTURE_WRAP_S>
        <GL_TEXTURE_WRAP_T Type="sampler2D_wrap">GL_MIRRORED_REPEAT</GL_TEXTURE_WRAP_T>
      </Sampler2D>
    </Material>
    <Material Name="mtHw01">
      <Shader Type="shader">LUT</Shader>
      <EnableLighting Type="bool">true</EnableLighting>
      <LutFr Type="curve">fresnelMetal01.tga</LutFr>
      <LutSp Type="curve">specularMetal01.tga</LutSp>
      <LightSetIndex Type="int">0</LightSetIndex>
      <SphereMap Type="sphereMap">GlassBall_env.tga</SphereMap>
      <Culling Type="cull_mode">Back</Culling>
      <IsXlu Type="bool">true</IsXlu>
      <EnableAlphaTest Type="bool">false</EnableAlphaTest>
      <EnableDepthTest Type="bool">true</EnableDepthTest>
      <EnableDepthMask Type="bool">true</EnableDepthMask>
      <BlendFunc>
        <Src Type="blendfunc_src">GL_SRC_ALPHA</Src>
        <Dst Type="blendfunc_dst">GL_ONE_MINUS_SRC_ALPHA</Dst>
      </BlendFunc>
      <Sampler2D Name="uAlbedoTexture">
        <IsEnable Type="bool">true</IsEnable>
        <FileName Type="string">headwear0724_AL00.tga</FileName>
        <UVIdx Type="int">0</UVIdx>
        <GL_TEXTURE_MAG_FILTER Type="sampler2D_filter_mag">GL_LINEAR</GL_TEXTURE_MAG_FILTER>
        <GL_TEXTURE_MIN_FILTER Type="sampler2D_filter_min">GL_LINEAR</GL_TEXTURE_MIN_FILTER>
        <GL_TEXTURE_WRAP_S Type="sampler2D_wrap">GL_MIRRORED_REPEAT</GL_TEXTURE_WRAP_S>
        <GL_TEXTURE_WRAP_T Type="sampler2D_wrap">GL_MIRRORED_REPEAT</GL_TEXTURE_WRAP_T>
      </Sampler2D>
      <Sampler2D Name="uNormalTexture">
        <IsEnable Type="bool">true</IsEnable>
        <FileName Type="string">headwear0724_NRM.tga</FileName>
        <UVIdx Type="int">0</UVIdx>
        <GL_TEXTURE_MAG_FILTER Type="sampler2D_filter_mag">GL_LINEAR</GL_TEXTURE_MAG_FILTER>
        <GL_TEXTURE_MIN_FILTER Type="sampler2D_filter_min">GL_LINEAR</GL_TEXTURE_MIN_FILTER>
        <GL_TEXTURE_WRAP_S Type="sampler2D_wrap">GL_MIRRORED_REPEAT</GL_TEXTURE_WRAP_S>
        <GL_TEXTURE_WRAP_T Type="sampler2D_wrap">GL_MIRRORED_REPEAT</GL_TEXTURE_WRAP_T>
      </Sampler2D>
      <Sampler2D Name="uMaskTexture">
        <IsEnable Type="bool">true</IsEnable>
        <FileName Type="string">headwear0724_MSK.tga</FileName>
        <UVIdx Type="int">0</UVIdx>
        <GL_TEXTURE_MAG_FILTER Type="sampler2D_filter_mag">GL_LINEAR</GL_TEXTURE_MAG_FILTER>
        <GL_TEXTURE_MIN_FILTER Type="sampler2D_filter_min">GL_LINEAR</GL_TEXTURE_MIN_FILTER>
        <GL_TEXTURE_WRAP_S Type="sampler2D_wrap">GL_MIRRORED_REPEAT</GL_TEXTURE_WRAP_S>
        <GL_TEXTURE_WRAP_T Type="sampler2D_wrap">GL_MIRRORED_REPEAT</GL_TEXTURE_WRAP_T>
      </Sampler2D>
      <Sampler2D Name="uAlphaTexture">
        <IsEnable Type="bool">true</IsEnable>
        <FileName Type="string">headwear0724_TR.tga</FileName>
        <UVIdx Type="int">0</UVIdx>
        <GL_TEXTURE_MAG_FILTER Type="sampler2D_filter_mag">GL_LINEAR</GL_TEXTURE_MAG_FILTER>
        <GL_TEXTURE_MIN_FILTER Type="sampler2D_filter_min">GL_LINEAR</GL_TEXTURE_MIN_FILTER>
        <GL_TEXTURE_WRAP_S Type="sampler2D_wrap">GL_MIRRORED_REPEAT</GL_TEXTURE_WRAP_S>
        <GL_TEXTURE_WRAP_T Type="sampler2D_wrap">GL_MIRRORED_REPEAT</GL_TEXTURE_WRAP_T>
      </Sampler2D>
    </Material>
  </Materials>
  <UserData>
    <HeadWear>
      <Type Type="int">9</Type>
      <Transform>
        <Index Type="int" />
        <Translate Type="VEC3" />
        <Rotate Type="VEC3" />
      </Transform>
      <ApplyHairMaskWhenSkinhead Type="bool">true</ApplyHairMaskWhenSkinhead>
    </HeadWear>
    <ColorList>
      <Color Name="0" Type="RGB">0.082 0.082 0.082</Color>
      <Color Name="1" Type="RGB">0.247 0.078 0.000</Color>
      <Color Name="2" Type="RGB">0.357 0.298 0.059</Color>
      <Color Name="3" Type="RGB">0.000 0.278 0.031</Color>
      <Color Name="4" Type="RGB">0.318 0.420 0.000</Color>
      <Color Name="5" Type="RGB">0.898 0.898 0.898</Color>
      <Color Name="6" Type="RGB">0.780 0.031 0.031</Color>
      <Color Name="7" Type="RGB">0.902 0.863 0.231</Color>
      <Color Name="8" Type="RGB">0.310 0.745 0.922</Color>
      <Color Name="9" Type="RGB">1.000 0.416 0.706</Color>
    </ColorList>
    <Capture>
      <Camera Type="capture_camera">cameraMqCapHW00.xml</Camera>
    </Capture>
  </UserData>
  <ArchModelMetadata>
    <RawData>
      <Name>C:/Users/ikeda/AppData/Local/Temp/headwear0724.ma</Name>
    </RawData>
    <Type />
    <Silhouette />
    <State />
    <Gender />
    <PartRange>
      <Begin />
      <End />
    </PartRange>
    <Exclusion>
      <CategoryList>
        <Category>
          <Type>all</Type>
          <AcceptableSilhoette />
        </Category>
      </CategoryList>
      <ItemList />
    </Exclusion>
  </ArchModelMetadata>
</Model>