﻿<?xml version="1.0" encoding="utf-8"?>
<Model Name="headwear0725.Mdl">
  <XmlVersion Type="int">5</XmlVersion>
  <Meshes Type="null">
    <Mesh Name="polySurface3">
      <Priority Type="int">1</Priority>
    </Mesh>
  </Meshes>
  <Materials Type="null">
    <Material Name="mtHw00">
      <Shader Type="shader">LUT</Shader>
      <EnableLighting Type="bool">true</EnableLighting>
      <LutFr Type="curve">fresnelDefault04.tga</LutFr>
      <LutSp Type="curve">specularSilky01.tga</LutSp>
      <LightSetIndex Type="int">0</LightSetIndex>
      <SphereMap Type="sphereMap"></SphereMap>
      <Culling Type="cull_mode">None</Culling>
      <IsXlu Type="bool">false</IsXlu>
      <EnableAlphaTest Type="bool">false</EnableAlphaTest>
      <EnableDepthTest Type="bool">true</EnableDepthTest>
      <EnableDepthMask Type="bool">true</EnableDepthMask>
      <BlendFunc>
        <Src Type="blendfunc_src">GL_ONE</Src>
        <Dst Type="blendfunc_dst">GL_ZERO</Dst>
      </BlendFunc>
      <Sampler2D Name="uAlbedoTexture">
        <IsEnable Type="bool">true</IsEnable>
        <FileName Type="string">headwear0725_AL00.tga</FileName>
        <UVIdx Type="int">0</UVIdx>
        <GL_TEXTURE_MAG_FILTER Type="sampler2D_filter_mag">GL_LINEAR</GL_TEXTURE_MAG_FILTER>
        <GL_TEXTURE_MIN_FILTER Type="sampler2D_filter_min">GL_LINEAR</GL_TEXTURE_MIN_FILTER>
        <GL_TEXTURE_WRAP_S Type="sampler2D_wrap">GL_MIRRORED_REPEAT</GL_TEXTURE_WRAP_S>
        <GL_TEXTURE_WRAP_T Type="sampler2D_wrap">GL_MIRRORED_REPEAT</GL_TEXTURE_WRAP_T>
      </Sampler2D>
      <Sampler2D Name="uNormalTexture">
        <IsEnable Type="bool">true</IsEnable>
        <FileName Type="string">headwear0725_NRM.tga</FileName>
        <UVIdx Type="int">0</UVIdx>
        <GL_TEXTURE_MAG_FILTER Type="sampler2D_filter_mag">GL_LINEAR</GL_TEXTURE_MAG_FILTER>
        <GL_TEXTURE_MIN_FILTER Type="sampler2D_filter_min">GL_LINEAR</GL_TEXTURE_MIN_FILTER>
        <GL_TEXTURE_WRAP_S Type="sampler2D_wrap">GL_MIRRORED_REPEAT</GL_TEXTURE_WRAP_S>
        <GL_TEXTURE_WRAP_T Type="sampler2D_wrap">GL_MIRRORED_REPEAT</GL_TEXTURE_WRAP_T>
      </Sampler2D>
      <Sampler2D Name="uMaskTexture">
        <IsEnable Type="bool">true</IsEnable>
        <FileName Type="string">headwear0725_MSK.tga</FileName>
        <UVIdx Type="int">0</UVIdx>
        <GL_TEXTURE_MAG_FILTER Type="sampler2D_filter_mag">GL_LINEAR</GL_TEXTURE_MAG_FILTER>
        <GL_TEXTURE_MIN_FILTER Type="sampler2D_filter_min">GL_LINEAR</GL_TEXTURE_MIN_FILTER>
        <GL_TEXTURE_WRAP_S Type="sampler2D_wrap">GL_MIRRORED_REPEAT</GL_TEXTURE_WRAP_S>
        <GL_TEXTURE_WRAP_T Type="sampler2D_wrap">GL_MIRRORED_REPEAT</GL_TEXTURE_WRAP_T>
      </Sampler2D>
      <Sampler2D Name="uAlphaTexture">
        <IsEnable Type="bool">false</IsEnable>
        <FileName Type="string" />
        <UVIdx Type="int">0</UVIdx>
        <GL_TEXTURE_MAG_FILTER Type="sampler2D_filter_mag">GL_LINEAR</GL_TEXTURE_MAG_FILTER>
        <GL_TEXTURE_MIN_FILTER Type="sampler2D_filter_min">GL_LINEAR</GL_TEXTURE_MIN_FILTER>
        <GL_TEXTURE_WRAP_S Type="sampler2D_wrap">GL_MIRRORED_REPEAT</GL_TEXTURE_WRAP_S>
        <GL_TEXTURE_WRAP_T Type="sampler2D_wrap">GL_MIRRORED_REPEAT</GL_TEXTURE_WRAP_T>
      </Sampler2D>
    </Material>
  </Materials>
  <UserData>
    <HeadWear>
      <Type Type="int">2</Type>
      <Transform>
        <Index Type="int">2</Index>
        <Translate Type="VEC3">0 0 0</Translate>
        <Rotate Type="VEC3">0 -0.1 -0.1</Rotate>
      </Transform>
      <Transform>
        <Index Type="int">3</Index>
        <Translate Type="VEC3">0 0.15 0</Translate>
        <Rotate Type="VEC3">-0.2 0 0</Rotate>
      </Transform>
      <Transform>
        <Index Type="int">5</Index>
        <Translate Type="VEC3">0 0.3 0</Translate>
        <Rotate Type="VEC3">0 -0.1 0</Rotate>
      </Transform>
      <Transform>
        <Index Type="int">6</Index>
        <Translate Type="VEC3">0 0.3 0</Translate>
        <Rotate Type="VEC3">0 -0.1 0</Rotate>
      </Transform>
      <Transform>
        <Index Type="int">7</Index>
        <Translate Type="VEC3">0 0 0</Translate>
        <Rotate Type="VEC3">0 -0.14 0</Rotate>
      </Transform>
      <Transform>
        <Index Type="int">8</Index>
        <Translate Type="VEC3">0 0 0</Translate>
        <Rotate Type="VEC3">0 -0.14 0</Rotate>
      </Transform>
      <Transform>
        <Index Type="int">9</Index>
        <Translate Type="VEC3">0 0.2 -0.2</Translate>
        <Rotate Type="VEC3">0 -0.2 0</Rotate>
      </Transform>
      <Transform>
        <Index Type="int">10</Index>
        <Translate Type="VEC3">0 0.2 -0.2</Translate>
        <Rotate Type="VEC3">0 -0.2 0</Rotate>
      </Transform>
      <Transform>
        <Index Type="int">14</Index>
        <Translate Type="VEC3">0.2 0.2 -0.2</Translate>
        <Rotate Type="VEC3">0 -0.2 0</Rotate>
      </Transform>
      <Transform>
        <Index Type="int">15</Index>
        <Translate Type="VEC3">0.2 0.2 -0.3</Translate>
        <Rotate Type="VEC3">-0.02 -0.2 0</Rotate>
      </Transform>
      <Transform>
        <Index Type="int">20</Index>
        <Translate Type="VEC3">0 0 0</Translate>
        <Rotate Type="VEC3">0 -0.1 0</Rotate>
      </Transform>
      <Transform>
        <Index Type="int">23</Index>
        <Translate Type="VEC3">0 -0.2 -0.4</Translate>
        <Rotate Type="VEC3">0.1 -0.2 0.2</Rotate>
      </Transform>
      <Transform>
        <Index Type="int">27</Index>
        <Translate Type="VEC3">0.3 0.4 0.1</Translate>
        <Rotate Type="VEC3">0.1 -0.2 0.2</Rotate>
      </Transform>
      <Transform>
        <Index Type="int">28</Index>
        <Translate Type="VEC3">0.3 0.1 -0.5</Translate>
        <Rotate Type="VEC3">0.1 -0.3 0.2</Rotate>
      </Transform>
      <Transform>
        <Index Type="int">31</Index>
        <Translate Type="VEC3">-0.6 -0.5 0</Translate>
        <Rotate Type="VEC3">0 0.2 0.3</Rotate>
      </Transform>
      <Transform>
        <Index Type="int">36</Index>
        <Translate Type="VEC3">-0.3 -0.5 -0.5</Translate>
        <Rotate Type="VEC3">0 -0.1 0.4</Rotate>
      </Transform>
      <Transform>
        <Index Type="int">38</Index>
        <Translate Type="VEC3">-0.1 -0.5 -0.5</Translate>
        <Rotate Type="VEC3">0 -0.1 0.2</Rotate>
      </Transform>
      <Transform>
        <Index Type="int">39</Index>
        <Translate Type="VEC3">-0.1 -0.5 -0.5</Translate>
        <Rotate Type="VEC3">0 -0.2 0.2</Rotate>
      </Transform>
      <Transform>
        <Index Type="int">42</Index>
        <Translate Type="VEC3">-0.2 0 0.5</Translate>
        <Rotate Type="VEC3">0 0 0</Rotate>
      </Transform>
      <Transform>
        <Index Type="int">43</Index>
        <Translate Type="VEC3">0 0 -0.2</Translate>
        <Rotate Type="VEC3">0 -0.3 0</Rotate>
      </Transform>
      <Transform>
        <Index Type="int">46</Index>
        <Translate Type="VEC3">0.2 0 -0.5</Translate>
        <Rotate Type="VEC3">0 -0.2 0</Rotate>
      </Transform>
      <Transform>
        <Index Type="int">49</Index>
        <Translate Type="VEC3">-0.1 -0.2 -0.7</Translate>
        <Rotate Type="VEC3">0 -0.3 0.2</Rotate>
      </Transform>
      <Transform>
        <Index Type="int">50</Index>
        <Translate Type="VEC3">-0.2 0 0.5</Translate>
        <Rotate Type="VEC3">0 0 0</Rotate>
      </Transform>
      <Transform>
        <Index Type="int">51</Index>
        <Translate Type="VEC3">0 0.15 0</Translate>
        <Rotate Type="VEC3">0 0 0</Rotate>
      </Transform>
      <Transform>
        <Index Type="int">52</Index>
        <Translate Type="VEC3">-0.2 0 -0.5</Translate>
        <Rotate Type="VEC3">0 -0.2 0.2</Rotate>
      </Transform>
      <Transform>
        <Index Type="int">53</Index>
        <Translate Type="VEC3">-0.2 0 -0.7</Translate>
        <Rotate Type="VEC3">-0.3 0 0</Rotate>
      </Transform>
      <Transform>
        <Index Type="int">54</Index>
        <Translate Type="VEC3">-0.2 0 -0.7</Translate>
        <Rotate Type="VEC3">0 -0.2 0.1</Rotate>
      </Transform>
      <Transform>
        <Index Type="int">55</Index>
        <Translate Type="VEC3">0 0 -0.5</Translate>
        <Rotate Type="VEC3">-0.3 -0.15 0.1</Rotate>
      </Transform>
      <Transform>
        <Index Type="int">56</Index>
        <Translate Type="VEC3">-0.25 -0.2 -0.3</Translate>
        <Rotate Type="VEC3">0 0.1 0.3</Rotate>
      </Transform>
      <Transform>
        <Index Type="int">57</Index>
        <Translate Type="VEC3">0.2 0.25 -0.1</Translate>
        <Rotate Type="VEC3">0 0 0</Rotate>
      </Transform>
      <Transform>
        <Index Type="int">58</Index>
        <Translate Type="VEC3">0 0 -0.5</Translate>
        <Rotate Type="VEC3">0 -0.25 0</Rotate>
      </Transform>
      <Transform>
        <Index Type="int">59</Index>
        <Translate Type="VEC3">0 -0.3 -1</Translate>
        <Rotate Type="VEC3">0 -0.3 0.2</Rotate>
      </Transform>
      <Transform>
        <Index Type="int">61</Index>
        <Translate Type="VEC3">0.6 0.5 -1</Translate>
        <Rotate Type="VEC3">-0.3 0 -0.3</Rotate>
      </Transform>
      <Transform>
        <Index Type="int">63</Index>
        <Translate Type="VEC3">0 0 0</Translate>
        <Rotate Type="VEC3">0 0 0</Rotate>
      </Transform>
      <Transform>
        <Index Type="int">64</Index>
        <Translate Type="VEC3">0 0.2 0</Translate>
        <Rotate Type="VEC3">0 0.1 0</Rotate>
      </Transform>
      <Transform>
        <Index Type="int">66</Index>
        <Translate Type="VEC3">-0.2 0 0</Translate>
        <Rotate Type="VEC3">0 -0.05 0.2</Rotate>
      </Transform>
      <Transform>
        <Index Type="int">67</Index>
        <Translate Type="VEC3">-0.2 0 0</Translate>
        <Rotate Type="VEC3">0 -0.05 0.2</Rotate>
      </Transform>
      <Transform>
        <Index Type="int">68</Index>
        <Translate Type="VEC3">0 0.1 0</Translate>
        <Rotate Type="VEC3">0 0 0</Rotate>
      </Transform>
      <Transform>
        <Index Type="int">69</Index>
        <Translate Type="VEC3">-0.2 0 0</Translate>
        <Rotate Type="VEC3">0 -0.15 0</Rotate>
      </Transform>
      <Transform>
        <Index Type="int">70</Index>
        <Translate Type="VEC3">0 0 -0.5</Translate>
        <Rotate Type="VEC3">0 -0.25 0</Rotate>
      </Transform>
      <Transform>
        <Index Type="int">71</Index>
        <Translate Type="VEC3">0 0 -0.5</Translate>
        <Rotate Type="VEC3">0 -0.18 0</Rotate>
      </Transform>
      <Transform>
        <Index Type="int">72</Index>
        <Translate Type="VEC3">0 0.1 0</Translate>
        <Rotate Type="VEC3">0 0 0</Rotate>
      </Transform>
      <Transform>
        <Index Type="int">73</Index>
        <Translate Type="VEC3">-0.5 0.3 -0.5</Translate>
        <Rotate Type="VEC3">0 -0.05 0.15</Rotate>
      </Transform>
      <Transform>
        <Index Type="int">75</Index>
        <Translate Type="VEC3">-0.4 0.3 -0.5</Translate>
        <Rotate Type="VEC3">0 -0.05 0.15</Rotate>
      </Transform>
      <Transform>
        <Index Type="int">76</Index>
        <Translate Type="VEC3">-0.7 -0.45 -0.8</Translate>
        <Rotate Type="VEC3">-0.01 -0.03 0.4</Rotate>
      </Transform>
      <Transform>
        <Index Type="int">78</Index>
        <Translate Type="VEC3">0.35 0 -1.3</Translate>
        <Rotate Type="VEC3">-0.1 -0.35 0</Rotate>
      </Transform>
      <Transform>
        <Index Type="int">79</Index>
        <Translate Type="VEC3">-0.2 0.4 0.6</Translate>
        <Rotate Type="VEC3">0 0.5 0</Rotate>
      </Transform>
      <Transform>
        <Index Type="int">80</Index>
        <Translate Type="VEC3">-0.6 -0.5 -0.8</Translate>
        <Rotate Type="VEC3">0 -0.05 0.3</Rotate>
      </Transform>
      <Transform>
        <Index Type="int">83</Index>
        <Translate Type="VEC3">-0.6 -0.3 -0.8</Translate>
        <Rotate Type="VEC3">0 -0.05 0</Rotate>
      </Transform>
      <Transform>
        <Index Type="int">85</Index>
        <Translate Type="VEC3">0 0.15 0.45</Translate>
        <Rotate Type="VEC3">0 0.1 0</Rotate>
      </Transform>
      <Transform>
        <Index Type="int">87</Index>
        <Translate Type="VEC3">0 0 0.5</Translate>
        <Rotate Type="VEC3">0 0.1 -0.1</Rotate>
      </Transform>
      <Transform>
        <Index Type="int">89</Index>
        <Translate Type="VEC3">-0.6 -0.5 -0.8</Translate>
        <Rotate Type="VEC3">0 -0.05 0.3</Rotate>
      </Transform>
      <Transform>
        <Index Type="int">95</Index>
        <Translate Type="VEC3">-0.1 0 0</Translate>
        <Rotate Type="VEC3">0 -0.1 0</Rotate>
      </Transform>
      <Transform>
        <Index Type="int">96</Index>
        <Translate Type="VEC3">-0.1 0 0</Translate>
        <Rotate Type="VEC3">0 -0.1 0</Rotate>
      </Transform>
      <Transform>
        <Index Type="int">101</Index>
        <Translate Type="VEC3">-0.1 0 0</Translate>
        <Rotate Type="VEC3">0 -0.1 0</Rotate>
      </Transform>
      <Transform>
        <Index Type="int">103</Index>
        <Translate Type="VEC3">-0.1 0 0</Translate>
        <Rotate Type="VEC3">0 0 0</Rotate>
      </Transform>
      <Transform>
        <Index Type="int">103</Index>
        <Translate Type="VEC3">-0.1 0 0</Translate>
        <Rotate Type="VEC3">0 0 0</Rotate>
      </Transform>
      <Transform>
        <Index Type="int">105</Index>
        <Translate Type="VEC3">-0.1 0 0</Translate>
        <Rotate Type="VEC3">0 0 0</Rotate>
      </Transform>
      <Transform>
        <Index Type="int">108</Index>
        <Translate Type="VEC3">-0.1 0 0</Translate>
        <Rotate Type="VEC3">0 0 0</Rotate>
      </Transform>
      <Transform>
        <Index Type="int">107</Index>
        <Translate Type="VEC3">0 0.07 -0.5</Translate>
        <Rotate Type="VEC3">0 -0.05 0</Rotate>
      </Transform>
      <Transform>
        <Index Type="int">110</Index>
        <Translate Type="VEC3">-0.1 0 0</Translate>
        <Rotate Type="VEC3">0 -0.1 0</Rotate>
      </Transform>
      <Transform>
        <Index Type="int">114</Index>
        <Translate Type="VEC3">0.2 0 -0.5</Translate>
        <Rotate Type="VEC3">0 -0.2 0.15</Rotate>
      </Transform>
      <Transform>
        <Index Type="int">115</Index>
        <Translate Type="VEC3">-0.3 -0.5 0</Translate>
        <Rotate Type="VEC3">0 0.1 0.3</Rotate>
      </Transform>
      <Transform>
        <Index Type="int">116</Index>
        <Translate Type="VEC3">-0.2 0 0</Translate>
        <Rotate Type="VEC3">0 -0.1 0</Rotate>
      </Transform>
      <Transform>
        <Index Type="int">117</Index>
        <Translate Type="VEC3">-0.1 0 0</Translate>
        <Rotate Type="VEC3">0 -0.1 0</Rotate>
      </Transform>
      <Transform>
        <Index Type="int">120</Index>
        <Translate Type="VEC3">0 0 0</Translate>
        <Rotate Type="VEC3">0 -0.1 0</Rotate>
      </Transform>
      <Transform>
        <Index Type="int">121</Index>
        <Translate Type="VEC3">-0.05 0 0</Translate>
        <Rotate Type="VEC3">0 0.05 0</Rotate>
      </Transform>
      <Transform>
        <Index Type="int">122</Index>
        <Translate Type="VEC3">-0.1 0 0</Translate>
        <Rotate Type="VEC3">0 -0.11 0</Rotate>
      </Transform>
      <Transform>
        <Index Type="int">123</Index>
        <Translate Type="VEC3">-0.1 0 0</Translate>
        <Rotate Type="VEC3">0 -0.1 0</Rotate>
      </Transform>
      <Transform>
        <Index Type="int">125</Index>
        <Translate Type="VEC3">-0.4 0.3 -0.5</Translate>
        <Rotate Type="VEC3">0 -0.05 0.15</Rotate>
      </Transform>
      <Transform>
        <Index Type="int">126</Index>
        <Translate Type="VEC3">0.2 0 -1</Translate>
        <Rotate Type="VEC3">0 -0.25 0.1</Rotate>
      </Transform>
      <Transform>
        <Index Type="int">127</Index>
        <Translate Type="VEC3">-0.3 0.4 0</Translate>
        <Rotate Type="VEC3">0 0.5 0.2</Rotate>
      </Transform>
      <Transform>
        <Index Type="int">130</Index>
        <Translate Type="VEC3">0 0 0</Translate>
        <Rotate Type="VEC3">0 -0.1 0</Rotate>
      </Transform>
      <Transform>
        <Index Type="int">131</Index>
        <Translate Type="VEC3">-0.05 0 0</Translate>
        <Rotate Type="VEC3">0 -0.05 0</Rotate>
      </Transform>
    </HeadWear>
    <Capture>
      <Camera Type="capture_camera">cameraMqCapHW00.xml</Camera>
    </Capture>
    <ColorList>
      <Color Name="0" Type="RGB">0.643 0 0</Color>
      <Color Name="1" Type="RGB">0 0.31 0.725</Color>
      <Color Name="2" Type="RGB">0 0.447 0.192</Color>
      <Color Name="3" Type="RGB">0.863 0.404 0.608</Color>
      <Color Name="4" Type="RGB">0.239 0.239 0.239</Color>
      <Color Name="5" Type="RGB">0.784 0.784 0.784</Color>
    </ColorList>
  </UserData>
  <ArchModelMetadata>
    <RawData>
      <Name>C:/Users/ikezoe/AppData/Local/Temp/headwear0725.ma</Name>
    </RawData>
    <Type />
    <Silhouette />
    <State />
    <Gender />
    <PartRange>
      <Begin />
      <End />
    </PartRange>
    <Exclusion>
      <CategoryList>
        <Category>
          <Type>all</Type>
          <AcceptableSilhoette />
        </Category>
      </CategoryList>
      <ItemList />
    </Exclusion>
  </ArchModelMetadata>
</Model>