﻿<?xml version="1.0" encoding="utf-8"?>
<Model Name="headwear0925.Mdl">
  <XmlVersion Type="int">5</XmlVersion>
  <Meshes Type="null">
    <Mesh Name="headwear0925">
      <Priority Type="int">1</Priority>
    </Mesh>
  </Meshes>
  <Materials Type="null">
    <Material Name="mtHw00">
      <Shader Type="shader">LUT</Shader>
      <EnableLighting Type="bool">true</EnableLighting>
      <LutFr Type="curve">fresnelDefault04.tga</LutFr>
      <LutSp Type="curve">specularDefault04.tga</LutSp>
      <LightSetIndex Type="int">0</LightSetIndex>
      <SphereMap Type="sphereMap" />
      <Culling Type="cull_mode">Back</Culling>
      <IsXlu Type="bool">false</IsXlu>
      <EnableAlphaTest Type="bool">false</EnableAlphaTest>
      <EnableDepthTest Type="bool">true</EnableDepthTest>
      <EnableDepthMask Type="bool">true</EnableDepthMask>
      <BlendFunc>
        <Src Type="blendfunc_src">GL_ONE</Src>
        <Dst Type="blendfunc_dst">GL_ZERO</Dst>
      </BlendFunc>
      <Sampler2D Name="uAlbedoTexture">
        <IsEnable Type="bool">true</IsEnable>
        <FileName Type="string">headwear0925_AL00.tga</FileName>
        <UVIdx Type="int">0</UVIdx>
        <GL_TEXTURE_MAG_FILTER Type="sampler2D_filter_mag">GL_LINEAR</GL_TEXTURE_MAG_FILTER>
        <GL_TEXTURE_MIN_FILTER Type="sampler2D_filter_min">GL_LINEAR</GL_TEXTURE_MIN_FILTER>
        <GL_TEXTURE_WRAP_S Type="sampler2D_wrap">GL_MIRRORED_REPEAT</GL_TEXTURE_WRAP_S>
        <GL_TEXTURE_WRAP_T Type="sampler2D_wrap">GL_MIRRORED_REPEAT</GL_TEXTURE_WRAP_T>
      </Sampler2D>
      <Sampler2D Name="uNormalTexture">
        <IsEnable Type="bool">true</IsEnable>
        <FileName Type="string">headwear0925_NRM.tga</FileName>
        <UVIdx Type="int">0</UVIdx>
        <GL_TEXTURE_MAG_FILTER Type="sampler2D_filter_mag">GL_LINEAR</GL_TEXTURE_MAG_FILTER>
        <GL_TEXTURE_MIN_FILTER Type="sampler2D_filter_min">GL_LINEAR</GL_TEXTURE_MIN_FILTER>
        <GL_TEXTURE_WRAP_S Type="sampler2D_wrap">GL_MIRRORED_REPEAT</GL_TEXTURE_WRAP_S>
        <GL_TEXTURE_WRAP_T Type="sampler2D_wrap">GL_MIRRORED_REPEAT</GL_TEXTURE_WRAP_T>
      </Sampler2D>
      <Sampler2D Name="uMaskTexture">
        <IsEnable Type="bool">true</IsEnable>
        <FileName Type="string">headwear0925_MSK.tga</FileName>
        <UVIdx Type="int">0</UVIdx>
        <GL_TEXTURE_MAG_FILTER Type="sampler2D_filter_mag">GL_LINEAR</GL_TEXTURE_MAG_FILTER>
        <GL_TEXTURE_MIN_FILTER Type="sampler2D_filter_min">GL_LINEAR</GL_TEXTURE_MIN_FILTER>
        <GL_TEXTURE_WRAP_S Type="sampler2D_wrap">GL_MIRRORED_REPEAT</GL_TEXTURE_WRAP_S>
        <GL_TEXTURE_WRAP_T Type="sampler2D_wrap">GL_MIRRORED_REPEAT</GL_TEXTURE_WRAP_T>
      </Sampler2D>
      <Sampler2D Name="uAlphaTexture">
        <IsEnable Type="bool">false</IsEnable>
        <FileName Type="string" />
        <UVIdx Type="int">0</UVIdx>
        <GL_TEXTURE_MAG_FILTER Type="sampler2D_filter_mag">GL_LINEAR</GL_TEXTURE_MAG_FILTER>
        <GL_TEXTURE_MIN_FILTER Type="sampler2D_filter_min">GL_LINEAR</GL_TEXTURE_MIN_FILTER>
        <GL_TEXTURE_WRAP_S Type="sampler2D_wrap">GL_MIRRORED_REPEAT</GL_TEXTURE_WRAP_S>
        <GL_TEXTURE_WRAP_T Type="sampler2D_wrap">GL_MIRRORED_REPEAT</GL_TEXTURE_WRAP_T>
      </Sampler2D>
    </Material>
  </Materials>
  <UserData>
    <HeadWear>
      <Type Type="int">1</Type>
      <Transform>
        <Index Type="int" />
        <Translate Type="VEC3" />
        <Rotate Type="VEC3">0.16 0 0</Rotate>
      </Transform>
      <ApplyHairMaskWhenSkinhead Type="bool">true</ApplyHairMaskWhenSkinhead>
      <Transform>
        <Index Type="int" />
        <Translate Type="VEC3" />
        <Rotate Type="VEC3">0.2 0 0</Rotate>
      </Transform>
      <Transform>
        <Index Type="int">1</Index>
        <Translate Type="VEC3" />
        <Rotate Type="VEC3">0.08 0 0</Rotate>
      </Transform>
      <Transform>
        <Index Type="int">2</Index>
        <Translate Type="VEC3" />
        <Rotate Type="VEC3">-0.04 0 0</Rotate>
      </Transform>
      <Transform>
        <Index Type="int">3</Index>
        <Translate Type="VEC3">0 -0.1 0.4</Translate>
        <Rotate Type="VEC3">0.31 0 0</Rotate>
      </Transform>
      <Transform>
        <Index Type="int">4</Index>
        <Translate Type="VEC3" />
        <Rotate Type="VEC3">-0.06 0 0</Rotate>
      </Transform>
      <Transform>
        <Index Type="int">5</Index>
        <Translate Type="VEC3">0 -0.4 0.55</Translate>
        <Rotate Type="VEC3">0.25 0 0</Rotate>
      </Transform>
      <Transform>
        <Index Type="int">6</Index>
        <Translate Type="VEC3">0 -0.3 0.1</Translate>
        <Rotate Type="VEC3">0.14 0 0</Rotate>
      </Transform>
      <Transform>
        <Index Type="int">7</Index>
        <Translate Type="VEC3">0 -0.2 0.3</Translate>
        <Rotate Type="VEC3">0.23 0 0</Rotate>
      </Transform>
      <Transform>
        <Index Type="int">8</Index>
        <Translate Type="VEC3">0 -0.2 0</Translate>
        <Rotate Type="VEC3">0.14 0 0</Rotate>
      </Transform>
      <Transform>
        <Index Type="int">9</Index>
        <Translate Type="VEC3">0 -0.3 0.6</Translate>
        <Rotate Type="VEC3">0.36 0 0</Rotate>
      </Transform>
      <Transform>
        <Index Type="int">10</Index>
        <Translate Type="VEC3">0 -0.2 0</Translate>
        <Rotate Type="VEC3">0.13 0 0</Rotate>
      </Transform>
      <Transform>
        <Index Type="int">14</Index>
        <Translate Type="VEC3">0 -0.3 0</Translate>
        <Rotate Type="VEC3">0.08 0 0</Rotate>
      </Transform>
      <Transform>
        <Index Type="int">15</Index>
        <Translate Type="VEC3">0 -0.2 0</Translate>
        <Rotate Type="VEC3">0.11 0 0</Rotate>
      </Transform>
      <Transform>
        <Index Type="int">18</Index>
        <Translate Type="VEC3" />
        <Rotate Type="VEC3">-0.14 0 0</Rotate>
      </Transform>
      <Transform>
        <Index Type="int">19</Index>
        <Translate Type="VEC3" />
        <Rotate Type="VEC3">0.04 0 0</Rotate>
      </Transform>
      <Transform>
        <Index Type="int">20</Index>
        <Translate Type="VEC3">0 -0.3 0.5</Translate>
        <Rotate Type="VEC3">0.21 0 0</Rotate>
      </Transform>
      <Transform>
        <Index Type="int">21</Index>
        <Translate Type="VEC3" />
        <Rotate Type="VEC3">-0.03 0 0</Rotate>
      </Transform>
      <Transform>
        <Index Type="int">22</Index>
        <Translate Type="VEC3">0 -0.3 0</Translate>
        <Rotate Type="VEC3">0.21 0 0</Rotate>
      </Transform>
      <Transform>
        <Index Type="int">23</Index>
        <Translate Type="VEC3">0 -0.3 0.5</Translate>
        <Rotate Type="VEC3">0.19 0 0</Rotate>
      </Transform>
      <Transform>
        <Index Type="int">24</Index>
        <Translate Type="VEC3">0 -0.3 0.5</Translate>
        <Rotate Type="VEC3">0.16 0 0</Rotate>
      </Transform>
      <Transform>
        <Index Type="int">27</Index>
        <Translate Type="VEC3">0 -0.6 0.2</Translate>
        <Rotate Type="VEC3">0.23 0 0</Rotate>
      </Transform>
      <Transform>
        <Index Type="int">28</Index>
        <Translate Type="VEC3">0 -0.3 0.3</Translate>
        <Rotate Type="VEC3">0.21 0 0</Rotate>
      </Transform>
      <Transform>
        <Index Type="int">29</Index>
        <Translate Type="VEC3">0 -0.3 0.3</Translate>
        <Rotate Type="VEC3">0.09 0 0</Rotate>
      </Transform>
      <Transform>
        <Index Type="int">30</Index>
        <Translate Type="VEC3">0 0.3 0</Translate>
        <Rotate Type="VEC3">-0.17 0 0</Rotate>
      </Transform>
      <Transform>
        <Index Type="int">31</Index>
        <Translate Type="VEC3">0 -0.1 -0.3</Translate>
        <Rotate Type="VEC3">-0.13 0 0</Rotate>
      </Transform>
      <Transform>
        <Index Type="int">32</Index>
        <Translate Type="VEC3">0 -0.1 0</Translate>
        <Rotate Type="VEC3" />
      </Transform>
      <Transform>
        <Index Type="int">34</Index>
        <Translate Type="VEC3" />
        <Rotate Type="VEC3">-0.17 0 0</Rotate>
      </Transform>
      <Transform>
        <Index Type="int">36</Index>
        <Translate Type="VEC3">0 -0.3 0.3</Translate>
        <Rotate Type="VEC3">0.17 0 0</Rotate>
      </Transform>
      <Transform>
        <Index Type="int">38</Index>
        <Translate Type="VEC3">0 -0.4 0.5</Translate>
        <Rotate Type="VEC3">0.25 0 0</Rotate>
      </Transform>
      <Transform>
        <Index Type="int">39</Index>
        <Translate Type="VEC3">0 -0.5 0</Translate>
        <Rotate Type="VEC3">0.18 0 0</Rotate>
      </Transform>
      <Transform>
        <Index Type="int">41</Index>
        <Translate Type="VEC3">0 0.25 0</Translate>
        <Rotate Type="VEC3">-0.17 0 0</Rotate>
      </Transform>
      <Transform>
        <Index Type="int">42</Index>
        <Translate Type="VEC3">0 -0.4 0.2</Translate>
        <Rotate Type="VEC3">0.2 0 0</Rotate>
      </Transform>
      <Transform>
        <Index Type="int">43</Index>
        <Translate Type="VEC3">0 -0.5 0.3</Translate>
        <Rotate Type="VEC3">0.2 0 0</Rotate>
      </Transform>
      <Transform>
        <Index Type="int">45</Index>
        <Translate Type="VEC3">0 0.4 0.2</Translate>
        <Rotate Type="VEC3">-0.16 0 0</Rotate>
      </Transform>
      <Transform>
        <Index Type="int">46</Index>
        <Translate Type="VEC3" />
        <Rotate Type="VEC3">0.06 0 0</Rotate>
      </Transform>
      <Transform>
        <Index Type="int">47</Index>
        <Translate Type="VEC3" />
        <Rotate Type="VEC3">0.1 0 0</Rotate>
      </Transform>
      <Transform>
        <Index Type="int">48</Index>
        <Translate Type="VEC3">0 -0.2 0.4</Translate>
        <Rotate Type="VEC3">0.19 0 0</Rotate>
      </Transform>
      <Transform>
        <Index Type="int">49</Index>
        <Translate Type="VEC3">0 -0.65 0.9</Translate>
        <Rotate Type="VEC3">0.22 0 0</Rotate>
      </Transform>
      <Transform>
        <Index Type="int">50</Index>
        <Translate Type="VEC3">0 -0.2 -0.2</Translate>
        <Rotate Type="VEC3">0.17 0 0</Rotate>
      </Transform>
      <Transform>
        <Index Type="int">51</Index>
        <Translate Type="VEC3">0 -0.2 0.2</Translate>
        <Rotate Type="VEC3">0.13 0 0</Rotate>
      </Transform>
      <Transform>
        <Index Type="int">52</Index>
        <Translate Type="VEC3">0 -0.4 0.2</Translate>
        <Rotate Type="VEC3">0.09 0 0</Rotate>
      </Transform>
      <Transform>
        <Index Type="int">53</Index>
        <Translate Type="VEC3">0 -0.3 0</Translate>
        <Rotate Type="VEC3">0.14 0 0</Rotate>
      </Transform>
      <Transform>
        <Index Type="int">54</Index>
        <Translate Type="VEC3">0 -0.9 0.15</Translate>
        <Rotate Type="VEC3">-0.11 0 0</Rotate>
      </Transform>
      <Transform>
        <Index Type="int">55</Index>
        <Translate Type="VEC3">0 -0.5 0.3</Translate>
        <Rotate Type="VEC3">0.28 0 0</Rotate>
      </Transform>
      <Transform>
        <Index Type="int">57</Index>
        <Translate Type="VEC3" />
        <Rotate Type="VEC3">-0.17 0 0</Rotate>
      </Transform>
      <Transform>
        <Index Type="int">59</Index>
        <Translate Type="VEC3">0 -0.3 0</Translate>
        <Rotate Type="VEC3">-0.44 0 0</Rotate>
      </Transform>
      <Transform>
        <Index Type="int">60</Index>
        <Translate Type="VEC3">0 -0.25 0</Translate>
        <Rotate Type="VEC3">0.14 0 0</Rotate>
      </Transform>
      <Transform>
        <Index Type="int">64</Index>
        <Translate Type="VEC3">0 -0.5 0</Translate>
        <Rotate Type="VEC3">0.04 0 0</Rotate>
      </Transform>
      <Transform>
        <Index Type="int">65</Index>
        <Translate Type="VEC3">0 0.4 0</Translate>
        <Rotate Type="VEC3">-0.17 0 0</Rotate>
      </Transform>
      <Transform>
        <Index Type="int">66</Index>
        <Translate Type="VEC3">0 -0.1 0</Translate>
        <Rotate Type="VEC3">0.08 0 0</Rotate>
      </Transform>
      <Transform>
        <Index Type="int">67</Index>
        <Translate Type="VEC3">0 -0.4 0.3</Translate>
        <Rotate Type="VEC3">0.11 0 0</Rotate>
      </Transform>
      <Transform>
        <Index Type="int">68</Index>
        <Translate Type="VEC3">0 -0.3 0</Translate>
        <Rotate Type="VEC3">0.07 0 0</Rotate>
      </Transform>
      <Transform>
        <Index Type="int">69</Index>
        <Translate Type="VEC3">0 -0.3 0.3</Translate>
        <Rotate Type="VEC3">0.1 0 0</Rotate>
      </Transform>
      <Transform>
        <Index Type="int">70</Index>
        <Translate Type="VEC3">0 -0.5 0.2</Translate>
        <Rotate Type="VEC3">0.16 0 0</Rotate>
      </Transform>
      <Transform>
        <Index Type="int">71</Index>
        <Translate Type="VEC3">0 -0.1 0</Translate>
        <Rotate Type="VEC3">0.12 0 0</Rotate>
      </Transform>
      <Transform>
        <Index Type="int">73</Index>
        <Translate Type="VEC3">0 -0.2 0</Translate>
        <Rotate Type="VEC3" />
      </Transform>
      <Transform>
        <Index Type="int">75</Index>
        <Translate Type="VEC3">0 -0.2 -0.3</Translate>
        <Rotate Type="VEC3">-0.1 0 0</Rotate>
      </Transform>
      <Transform>
        <Index Type="int">76</Index>
        <Translate Type="VEC3">0 -0.3 -0.4</Translate>
        <Rotate Type="VEC3">-0.2 0 0</Rotate>
      </Transform>
      <Transform>
        <Index Type="int">79</Index>
        <Translate Type="VEC3">0 -0.3 0</Translate>
        <Rotate Type="VEC3" />
      </Transform>
      <Transform>
        <Index Type="int">80</Index>
        <Translate Type="VEC3" />
        <Rotate Type="VEC3">-0.04 0 0</Rotate>
      </Transform>
      <Transform>
        <Index Type="int">81</Index>
        <Translate Type="VEC3">0 -0.3 0.3</Translate>
        <Rotate Type="VEC3">0.18 0 0</Rotate>
      </Transform>
      <Transform>
        <Index Type="int">83</Index>
        <Translate Type="VEC3">0 -0.3 0</Translate>
        <Rotate Type="VEC3" />
      </Transform>
      <Transform>
        <Index Type="int">86</Index>
        <Translate Type="VEC3" />
        <Rotate Type="VEC3">-0.17 0 0</Rotate>
      </Transform>
      <Transform>
        <Index Type="int">87</Index>
        <Translate Type="VEC3">0 -0.2 0.3</Translate>
        <Rotate Type="VEC3">0.22 0 0</Rotate>
      </Transform>
      <Transform>
        <Index Type="int">88</Index>
        <Translate Type="VEC3">0 0.2 0</Translate>
        <Rotate Type="VEC3">-0.14 0 0</Rotate>
      </Transform>
      <Transform>
        <Index Type="int">89</Index>
        <Translate Type="VEC3" />
        <Rotate Type="VEC3">-0.02 0 0</Rotate>
      </Transform>
      <Transform>
        <Index Type="int">92</Index>
        <Translate Type="VEC3">0 -0.2 0</Translate>
        <Rotate Type="VEC3" />
      </Transform>
      <Transform>
        <Index Type="int">93</Index>
        <Translate Type="VEC3" />
        <Rotate Type="VEC3">-0.07 0 0</Rotate>
      </Transform>
      <Transform>
        <Index Type="int">94</Index>
        <Translate Type="VEC3">0 -0.2 0</Translate>
        <Rotate Type="VEC3">0.23 0 0</Rotate>
      </Transform>
      <Transform>
        <Index Type="int">95</Index>
        <Translate Type="VEC3">0 -0.3 0</Translate>
        <Rotate Type="VEC3">0.11 0 0</Rotate>
      </Transform>
      <Transform>
        <Index Type="int">96</Index>
        <Translate Type="VEC3">0 -0.2 0</Translate>
        <Rotate Type="VEC3">0.14 0 0</Rotate>
      </Transform>
      <Transform>
        <Index Type="int">97</Index>
        <Translate Type="VEC3">0 0.2 0</Translate>
        <Rotate Type="VEC3">-0.14 0 0</Rotate>
      </Transform>
      <Transform>
        <Index Type="int">101</Index>
        <Translate Type="VEC3">0 -0.1 0.3</Translate>
        <Rotate Type="VEC3">0.09 0 0</Rotate>
      </Transform>
      <Transform>
        <Index Type="int">108</Index>
        <Translate Type="VEC3">0 -0.1 0</Translate>
        <Rotate Type="VEC3">0.07 0 0</Rotate>
      </Transform>
      <Transform>
        <Index Type="int">110</Index>
        <Translate Type="VEC3">0 -0.45 0</Translate>
        <Rotate Type="VEC3">0.2 0 0</Rotate>
      </Transform>
      <Transform>
        <Index Type="int">112</Index>
        <Translate Type="VEC3">0 -0.2 0</Translate>
        <Rotate Type="VEC3">0.09 0 0</Rotate>
      </Transform>
      <Transform>
        <Index Type="int">114</Index>
        <Translate Type="VEC3">0 0.1 0</Translate>
        <Rotate Type="VEC3">-0.08 0 0</Rotate>
      </Transform>
      <Transform>
        <Index Type="int">117</Index>
        <Translate Type="VEC3">0 -0.2 0</Translate>
        <Rotate Type="VEC3">0.15 0 0</Rotate>
      </Transform>
      <Transform>
        <Index Type="int">118</Index>
        <Translate Type="VEC3" />
        <Rotate Type="VEC3">0.07 0 0</Rotate>
      </Transform>
      <Transform>
        <Index Type="int">121</Index>
        <Translate Type="VEC3">0 0 -0.6</Translate>
        <Rotate Type="VEC3">-0.33 0 0</Rotate>
      </Transform>
      <Transform>
        <Index Type="int">122</Index>
        <Translate Type="VEC3">0 -0.3 0</Translate>
        <Rotate Type="VEC3" />
      </Transform>
      <Transform>
        <Index Type="int">125</Index>
        <Translate Type="VEC3">0 -0.1 -0.1</Translate>
        <Rotate Type="VEC3" />
      </Transform>
      <Transform>
        <Index Type="int">127</Index>
        <Translate Type="VEC3">0 -0.1 0</Translate>
        <Rotate Type="VEC3">-0.03 0 0</Rotate>
      </Transform>
    </HeadWear>
    <ColorList>
      <Color Name="0" Type="RGB">0.122 0.122 0.122</Color>
    </ColorList>
    <Capture>
      <Camera Type="capture_camera">cameraMqCapHW00.xml</Camera>
    </Capture>
  </UserData>
  <ArchModelMetadata>
    <RawData>
      <Name>W:/Arch/sync/asset/model/character/headwear/scenes/headwear0925.ma</Name>
    </RawData>
    <Type />
    <Silhouette />
    <State />
    <Gender />
    <PartRange>
      <Begin />
      <End />
    </PartRange>
    <Exclusion>
      <CategoryList>
        <Category>
          <Type>all</Type>
          <AcceptableSilhoette />
        </Category>
      </CategoryList>
      <ItemList />
    </Exclusion>
  </ArchModelMetadata>
</Model>