﻿<?xml version="1.0" encoding="utf-8"?>
<Model Name="headwear0748.Mdl">
  <XmlVersion Type="int">5</XmlVersion>
  <Meshes Type="null">
    <Mesh Name="headwear0748">
      <Priority Type="int">1</Priority>
    </Mesh>
  </Meshes>
  <Materials Type="null">
    <Material Name="mtHw00">
      <Shader Type="shader">LUT</Shader>
      <EnableLighting Type="bool">true</EnableLighting>
      <LutFr Type="curve">fresnelSoft01.tga</LutFr>
      <LutSp Type="curve">specularDefault02.tga</LutSp>
      <LightSetIndex Type="int">0</LightSetIndex>
      <SphereMap Type="sphereMap" />
      <Culling Type="cull_mode">Back</Culling>
      <IsXlu Type="bool">false</IsXlu>
      <EnableAlphaTest Type="bool">false</EnableAlphaTest>
      <EnableDepthTest Type="bool">true</EnableDepthTest>
      <EnableDepthMask Type="bool">true</EnableDepthMask>
      <BlendFunc>
        <Src Type="blendfunc_src">GL_ONE</Src>
        <Dst Type="blendfunc_dst">GL_ZERO</Dst>
      </BlendFunc>
      <Sampler2D Name="uAlbedoTexture">
        <IsEnable Type="bool">true</IsEnable>
        <FileName Type="string">headwear0748_AL00.tga</FileName>
        <UVIdx Type="int">0</UVIdx>
        <GL_TEXTURE_MAG_FILTER Type="sampler2D_filter_mag">GL_LINEAR</GL_TEXTURE_MAG_FILTER>
        <GL_TEXTURE_MIN_FILTER Type="sampler2D_filter_min">GL_LINEAR</GL_TEXTURE_MIN_FILTER>
        <GL_TEXTURE_WRAP_S Type="sampler2D_wrap">GL_MIRRORED_REPEAT</GL_TEXTURE_WRAP_S>
        <GL_TEXTURE_WRAP_T Type="sampler2D_wrap">GL_MIRRORED_REPEAT</GL_TEXTURE_WRAP_T>
      </Sampler2D>
      <Sampler2D Name="uNormalTexture">
        <IsEnable Type="bool">true</IsEnable>
        <FileName Type="string">headwear0748_NRM.tga</FileName>
        <UVIdx Type="int">0</UVIdx>
        <GL_TEXTURE_MAG_FILTER Type="sampler2D_filter_mag">GL_LINEAR</GL_TEXTURE_MAG_FILTER>
        <GL_TEXTURE_MIN_FILTER Type="sampler2D_filter_min">GL_LINEAR</GL_TEXTURE_MIN_FILTER>
        <GL_TEXTURE_WRAP_S Type="sampler2D_wrap">GL_MIRRORED_REPEAT</GL_TEXTURE_WRAP_S>
        <GL_TEXTURE_WRAP_T Type="sampler2D_wrap">GL_MIRRORED_REPEAT</GL_TEXTURE_WRAP_T>
      </Sampler2D>
      <Sampler2D Name="uMaskTexture">
        <IsEnable Type="bool">true</IsEnable>
        <FileName Type="string">headwear0748_MSK.tga</FileName>
        <UVIdx Type="int">0</UVIdx>
        <GL_TEXTURE_MAG_FILTER Type="sampler2D_filter_mag">GL_LINEAR</GL_TEXTURE_MAG_FILTER>
        <GL_TEXTURE_MIN_FILTER Type="sampler2D_filter_min">GL_LINEAR</GL_TEXTURE_MIN_FILTER>
        <GL_TEXTURE_WRAP_S Type="sampler2D_wrap">GL_MIRRORED_REPEAT</GL_TEXTURE_WRAP_S>
        <GL_TEXTURE_WRAP_T Type="sampler2D_wrap">GL_MIRRORED_REPEAT</GL_TEXTURE_WRAP_T>
      </Sampler2D>
      <Sampler2D Name="uAlphaTexture">
        <IsEnable Type="bool">false</IsEnable>
        <FileName Type="string" />
        <UVIdx Type="int">0</UVIdx>
        <GL_TEXTURE_MAG_FILTER Type="sampler2D_filter_mag">GL_LINEAR</GL_TEXTURE_MAG_FILTER>
        <GL_TEXTURE_MIN_FILTER Type="sampler2D_filter_min">GL_LINEAR</GL_TEXTURE_MIN_FILTER>
        <GL_TEXTURE_WRAP_S Type="sampler2D_wrap">GL_MIRRORED_REPEAT</GL_TEXTURE_WRAP_S>
        <GL_TEXTURE_WRAP_T Type="sampler2D_wrap">GL_MIRRORED_REPEAT</GL_TEXTURE_WRAP_T>
      </Sampler2D>
    </Material>
  </Materials>
  <UserData>
    <HeadWear>
      <Type Type="int">5</Type>
      <Transform>
        <Index Type="int">0</Index>
        <Translate Type="VEC3">0 0 0</Translate>
        <Rotate Type="VEC3">0 0 0</Rotate>
      </Transform>
      <Transform>
        <Index Type="int">1</Index>
        <Translate Type="VEC3">0 0.3 0.4</Translate>
        <Rotate Type="VEC3">0 0 0</Rotate>
      </Transform>
      <Transform>
        <Index Type="int">2</Index>
        <Translate Type="VEC3">0 0 0</Translate>
        <Rotate Type="VEC3">0 0 0</Rotate>
      </Transform>
      <Transform>
        <Index Type="int">3</Index>
        <Translate Type="VEC3">0 0 0</Translate>
        <Rotate Type="VEC3">0 0 0</Rotate>
      </Transform>
      <Transform>
        <Index Type="int">4</Index>
        <Translate Type="VEC3">0 0 0</Translate>
        <Rotate Type="VEC3">0 0 0</Rotate>
      </Transform>
      <Transform>
        <Index Type="int">5</Index>
        <Translate Type="VEC3">0 0 0</Translate>
        <Rotate Type="VEC3">0 0 0</Rotate>
      </Transform>
      <Transform>
        <Index Type="int">6</Index>
        <Translate Type="VEC3">0 0 0</Translate>
        <Rotate Type="VEC3">0 0 0</Rotate>
      </Transform>
      <Transform>
        <Index Type="int">7</Index>
        <Translate Type="VEC3">0 0 0</Translate>
        <Rotate Type="VEC3">0 0 0</Rotate>
      </Transform>
      <Transform>
        <Index Type="int">8</Index>
        <Translate Type="VEC3">0 0 0</Translate>
        <Rotate Type="VEC3">0 0 0</Rotate>
      </Transform>
      <Transform>
        <Index Type="int">9</Index>
        <Translate Type="VEC3">0 0 0</Translate>
        <Rotate Type="VEC3">0 0 0</Rotate>
      </Transform>
      <Transform>
        <Index Type="int">10</Index>
        <Translate Type="VEC3">0 0 0</Translate>
        <Rotate Type="VEC3">0 0 0</Rotate>
      </Transform>
      <Transform>
        <Index Type="int">11</Index>
        <Translate Type="VEC3">0 0 0</Translate>
        <Rotate Type="VEC3">0 0 0</Rotate>
      </Transform>
      <Transform>
        <Index Type="int">12</Index>
        <Translate Type="VEC3">0 0 0</Translate>
        <Rotate Type="VEC3">0 0 0</Rotate>
      </Transform>
      <Transform>
        <Index Type="int">13</Index>
        <Translate Type="VEC3">0 0 0</Translate>
        <Rotate Type="VEC3">0 0 0</Rotate>
      </Transform>
      <Transform>
        <Index Type="int">14</Index>
        <Translate Type="VEC3">0 0 0</Translate>
        <Rotate Type="VEC3">0 0 0</Rotate>
      </Transform>
      <Transform>
        <Index Type="int">15</Index>
        <Translate Type="VEC3">0 0 0</Translate>
        <Rotate Type="VEC3">0 0 0</Rotate>
      </Transform>
      <Transform>
        <Index Type="int">16</Index>
        <Translate Type="VEC3">0 0 0</Translate>
        <Rotate Type="VEC3">0 0 0</Rotate>
      </Transform>
      <Transform>
        <Index Type="int">17</Index>
        <Translate Type="VEC3">0 0 0</Translate>
        <Rotate Type="VEC3">0 0 0</Rotate>
      </Transform>
      <Transform>
        <Index Type="int">18</Index>
        <Translate Type="VEC3">0 0.3 0.5</Translate>
        <Rotate Type="VEC3">0 0 0</Rotate>
      </Transform>
      <Transform>
        <Index Type="int">19</Index>
        <Translate Type="VEC3">0 0 0</Translate>
        <Rotate Type="VEC3">0 0 0</Rotate>
      </Transform>
      <Transform>
        <Index Type="int">20</Index>
        <Translate Type="VEC3">0 0 0</Translate>
        <Rotate Type="VEC3">0 0 0</Rotate>
      </Transform>
      <Transform>
        <Index Type="int">21</Index>
        <Translate Type="VEC3">0 0 0</Translate>
        <Rotate Type="VEC3">0 0 0</Rotate>
      </Transform>
      <Transform>
        <Index Type="int">22</Index>
        <Translate Type="VEC3">0 0 0</Translate>
        <Rotate Type="VEC3">0 0 0</Rotate>
      </Transform>
      <Transform>
        <Index Type="int">23</Index>
        <Translate Type="VEC3">0 0 0</Translate>
        <Rotate Type="VEC3">0 0 0</Rotate>
      </Transform>
      <Transform>
        <Index Type="int">24</Index>
        <Translate Type="VEC3">0 0 0</Translate>
        <Rotate Type="VEC3">0 0 0</Rotate>
      </Transform>
      <Transform>
        <Index Type="int">25</Index>
        <Translate Type="VEC3">0 0 0</Translate>
        <Rotate Type="VEC3">0 0 0</Rotate>
      </Transform>
      <Transform>
        <Index Type="int">26</Index>
        <Translate Type="VEC3">0 0 0</Translate>
        <Rotate Type="VEC3">0 0 0</Rotate>
      </Transform>
      <Transform>
        <Index Type="int">27</Index>
        <Translate Type="VEC3">0 0 0</Translate>
        <Rotate Type="VEC3">0 0 0</Rotate>
      </Transform>
      <Transform>
        <Index Type="int">28</Index>
        <Translate Type="VEC3">0 0 0</Translate>
        <Rotate Type="VEC3">0 0 0</Rotate>
      </Transform>
      <Transform>
        <Index Type="int">29</Index>
        <Translate Type="VEC3">0 0.3 0.6</Translate>
        <Rotate Type="VEC3">0 0 0</Rotate>
      </Transform>
      <Transform>
        <Index Type="int">30</Index>
        <Translate Type="VEC3">0 0 0</Translate>
        <Rotate Type="VEC3">0 0 0</Rotate>
      </Transform>
      <Transform>
        <Index Type="int">31</Index>
        <Translate Type="VEC3">0 0.2 -0.3</Translate>
        <Rotate Type="VEC3">0 0 0</Rotate>
      </Transform>
      <Transform>
        <Index Type="int">32</Index>
        <Translate Type="VEC3">0 0 0</Translate>
        <Rotate Type="VEC3">0 0 0</Rotate>
      </Transform>
      <Transform>
        <Index Type="int">33</Index>
        <Translate Type="VEC3">0 0 0</Translate>
        <Rotate Type="VEC3">0 0 0</Rotate>
      </Transform>
      <Transform>
        <Index Type="int">34</Index>
        <Translate Type="VEC3">0 0 0</Translate>
        <Rotate Type="VEC3">0 0 0</Rotate>
      </Transform>
      <Transform>
        <Index Type="int">35</Index>
        <Translate Type="VEC3">0 0 0</Translate>
        <Rotate Type="VEC3">0 0 0</Rotate>
      </Transform>
      <Transform>
        <Index Type="int">36</Index>
        <Translate Type="VEC3">0 0 0</Translate>
        <Rotate Type="VEC3">0 0 0</Rotate>
      </Transform>
      <Transform>
        <Index Type="int">37</Index>
        <Translate Type="VEC3">0 0 0</Translate>
        <Rotate Type="VEC3">0 0 0</Rotate>
      </Transform>
      <Transform>
        <Index Type="int">38</Index>
        <Translate Type="VEC3">0 0 0</Translate>
        <Rotate Type="VEC3">0 0 0</Rotate>
      </Transform>
      <Transform>
        <Index Type="int">39</Index>
        <Translate Type="VEC3">0 0 0</Translate>
        <Rotate Type="VEC3">0 0 0</Rotate>
      </Transform>
      <Transform>
        <Index Type="int">40</Index>
        <Translate Type="VEC3">0 0 0</Translate>
        <Rotate Type="VEC3">0 0 0</Rotate>
      </Transform>
      <Transform>
        <Index Type="int">41</Index>
        <Translate Type="VEC3">0 0 0</Translate>
        <Rotate Type="VEC3">0 0 0</Rotate>
      </Transform>
      <Transform>
        <Index Type="int">42</Index>
        <Translate Type="VEC3">0 0 0</Translate>
        <Rotate Type="VEC3">0 0 0</Rotate>
      </Transform>
      <Transform>
        <Index Type="int">43</Index>
        <Translate Type="VEC3">0 0 0</Translate>
        <Rotate Type="VEC3">0 0 0</Rotate>
      </Transform>
      <Transform>
        <Index Type="int">44</Index>
        <Translate Type="VEC3">0 0 0</Translate>
        <Rotate Type="VEC3">0 0 0</Rotate>
      </Transform>
      <Transform>
        <Index Type="int">45</Index>
        <Translate Type="VEC3">0 0 0</Translate>
        <Rotate Type="VEC3">0 0 0</Rotate>
      </Transform>
      <Transform>
        <Index Type="int">46</Index>
        <Translate Type="VEC3">0 0 0</Translate>
        <Rotate Type="VEC3">0 0 0</Rotate>
      </Transform>
      <Transform>
        <Index Type="int">47</Index>
        <Translate Type="VEC3">0 0 0</Translate>
        <Rotate Type="VEC3">0 0 0</Rotate>
      </Transform>
      <Transform>
        <Index Type="int">48</Index>
        <Translate Type="VEC3">0 0 0</Translate>
        <Rotate Type="VEC3">0 0 0</Rotate>
      </Transform>
      <Transform>
        <Index Type="int">49</Index>
        <Translate Type="VEC3">0 0 0</Translate>
        <Rotate Type="VEC3">0 0 0</Rotate>
      </Transform>
      <Transform>
        <Index Type="int">50</Index>
        <Translate Type="VEC3">0 0 0</Translate>
        <Rotate Type="VEC3">0 0 0</Rotate>
      </Transform>
      <Transform>
        <Index Type="int">51</Index>
        <Translate Type="VEC3">0 0 0</Translate>
        <Rotate Type="VEC3">0 0 0</Rotate>
      </Transform>
      <Transform>
        <Index Type="int">52</Index>
        <Translate Type="VEC3">0 0 0</Translate>
        <Rotate Type="VEC3">0 0 0</Rotate>
      </Transform>
      <Transform>
        <Index Type="int">53</Index>
        <Translate Type="VEC3">0 0 0</Translate>
        <Rotate Type="VEC3">0 0 0</Rotate>
      </Transform>
      <Transform>
        <Index Type="int">54</Index>
        <Translate Type="VEC3">0 0 0</Translate>
        <Rotate Type="VEC3">0 0 0</Rotate>
      </Transform>
      <Transform>
        <Index Type="int">55</Index>
        <Translate Type="VEC3">0 0 0</Translate>
        <Rotate Type="VEC3">0 0 0</Rotate>
      </Transform>
      <Transform>
        <Index Type="int">56</Index>
        <Translate Type="VEC3">0 0 0</Translate>
        <Rotate Type="VEC3">0 0 0</Rotate>
      </Transform>
      <Transform>
        <Index Type="int">57</Index>
        <Translate Type="VEC3">0 0 0</Translate>
        <Rotate Type="VEC3">0 0 0</Rotate>
      </Transform>
      <Transform>
        <Index Type="int">58</Index>
        <Translate Type="VEC3">0 0 0</Translate>
        <Rotate Type="VEC3">0 0 0</Rotate>
      </Transform>
      <Transform>
        <Index Type="int">59</Index>
        <Translate Type="VEC3">0 0 0</Translate>
        <Rotate Type="VEC3">0 0 0</Rotate>
      </Transform>
      <Transform>
        <Index Type="int">60</Index>
        <Translate Type="VEC3">0 0 0</Translate>
        <Rotate Type="VEC3">0 0 0</Rotate>
      </Transform>
      <Transform>
        <Index Type="int">61</Index>
        <Translate Type="VEC3">0 0 0</Translate>
        <Rotate Type="VEC3">0 0 0</Rotate>
      </Transform>
      <Transform>
        <Index Type="int">62</Index>
        <Translate Type="VEC3">0 0 0</Translate>
        <Rotate Type="VEC3">0 0 0</Rotate>
      </Transform>
      <Transform>
        <Index Type="int">63</Index>
        <Translate Type="VEC3">0 0 0</Translate>
        <Rotate Type="VEC3">0 0 0</Rotate>
      </Transform>
      <Transform>
        <Index Type="int">64</Index>
        <Translate Type="VEC3">0 0 0</Translate>
        <Rotate Type="VEC3">0 0 0</Rotate>
      </Transform>
      <Transform>
        <Index Type="int">65</Index>
        <Translate Type="VEC3">0 0 0</Translate>
        <Rotate Type="VEC3">0 0 0</Rotate>
      </Transform>
      <Transform>
        <Index Type="int">66</Index>
        <Translate Type="VEC3">0 0 0</Translate>
        <Rotate Type="VEC3">0 0 0</Rotate>
      </Transform>
      <Transform>
        <Index Type="int">67</Index>
        <Translate Type="VEC3">0 0 0</Translate>
        <Rotate Type="VEC3">0 0 0</Rotate>
      </Transform>
      <Transform>
        <Index Type="int">68</Index>
        <Translate Type="VEC3">0 0 0</Translate>
        <Rotate Type="VEC3">0 0 0</Rotate>
      </Transform>
      <Transform>
        <Index Type="int">69</Index>
        <Translate Type="VEC3">0 0 0</Translate>
        <Rotate Type="VEC3">0 0 0</Rotate>
      </Transform>
      <Transform>
        <Index Type="int">70</Index>
        <Translate Type="VEC3">0 0 0</Translate>
        <Rotate Type="VEC3">0 0 0</Rotate>
      </Transform>
      <Transform>
        <Index Type="int">71</Index>
        <Translate Type="VEC3">0 0 0</Translate>
        <Rotate Type="VEC3">0 0 0</Rotate>
      </Transform>
      <Transform>
        <Index Type="int">72</Index>
        <Translate Type="VEC3">0 0 0</Translate>
        <Rotate Type="VEC3">0 0 0</Rotate>
      </Transform>
      <Transform>
        <Index Type="int">73</Index>
        <Translate Type="VEC3">0 0.4 0.5</Translate>
        <Rotate Type="VEC3">0.1 0 0</Rotate>
      </Transform>
      <Transform>
        <Index Type="int">74</Index>
        <Translate Type="VEC3">0 0 0</Translate>
        <Rotate Type="VEC3">0 0 0</Rotate>
      </Transform>
      <Transform>
        <Index Type="int">75</Index>
        <Translate Type="VEC3">0 0 0</Translate>
        <Rotate Type="VEC3">0 0 0</Rotate>
      </Transform>
      <Transform>
        <Index Type="int">76</Index>
        <Translate Type="VEC3">0 0 0</Translate>
        <Rotate Type="VEC3">0 0 0</Rotate>
      </Transform>
      <Transform>
        <Index Type="int">77</Index>
        <Translate Type="VEC3">0 0 0</Translate>
        <Rotate Type="VEC3">0 0 0</Rotate>
      </Transform>
      <Transform>
        <Index Type="int">78</Index>
        <Translate Type="VEC3">0 0 0</Translate>
        <Rotate Type="VEC3">0 0 0</Rotate>
      </Transform>
      <Transform>
        <Index Type="int">79</Index>
        <Translate Type="VEC3">0 0 0</Translate>
        <Rotate Type="VEC3">0 0 0</Rotate>
      </Transform>
      <Transform>
        <Index Type="int">80</Index>
        <Translate Type="VEC3">0 0 0</Translate>
        <Rotate Type="VEC3">0 0 0</Rotate>
      </Transform>
      <Transform>
        <Index Type="int">81</Index>
        <Translate Type="VEC3">0 0 0</Translate>
        <Rotate Type="VEC3">0 0 0</Rotate>
      </Transform>
      <Transform>
        <Index Type="int">82</Index>
        <Translate Type="VEC3">0 0 0</Translate>
        <Rotate Type="VEC3">0 0 0</Rotate>
      </Transform>
      <Transform>
        <Index Type="int">83</Index>
        <Translate Type="VEC3">0 0 0</Translate>
        <Rotate Type="VEC3">0 0 0</Rotate>
      </Transform>
      <Transform>
        <Index Type="int">84</Index>
        <Translate Type="VEC3">0 0 0</Translate>
        <Rotate Type="VEC3">0 0 0</Rotate>
      </Transform>
      <Transform>
        <Index Type="int">85</Index>
        <Translate Type="VEC3">0 0 0</Translate>
        <Rotate Type="VEC3">0 0 0</Rotate>
      </Transform>
      <Transform>
        <Index Type="int">86</Index>
        <Translate Type="VEC3">0 0 0</Translate>
        <Rotate Type="VEC3">0 0 0</Rotate>
      </Transform>
      <Transform>
        <Index Type="int">87</Index>
        <Translate Type="VEC3">0 0 0</Translate>
        <Rotate Type="VEC3">0 0 0</Rotate>
      </Transform>
      <Transform>
        <Index Type="int">88</Index>
        <Translate Type="VEC3">0 0 0</Translate>
        <Rotate Type="VEC3">0 0 0</Rotate>
      </Transform>
      <Transform>
        <Index Type="int">89</Index>
        <Translate Type="VEC3">0 0 0</Translate>
        <Rotate Type="VEC3">0 0 0</Rotate>
      </Transform>
      <Transform>
        <Index Type="int">90</Index>
        <Translate Type="VEC3">0 0 0</Translate>
        <Rotate Type="VEC3">0 0 0</Rotate>
      </Transform>
      <Transform>
        <Index Type="int">91</Index>
        <Translate Type="VEC3">0 0.3 0.8</Translate>
        <Rotate Type="VEC3">0 0 0</Rotate>
      </Transform>
      <Transform>
        <Index Type="int">92</Index>
        <Translate Type="VEC3">0 0 0</Translate>
        <Rotate Type="VEC3">0 0 0</Rotate>
      </Transform>
      <Transform>
        <Index Type="int">93</Index>
        <Translate Type="VEC3">0 0 0</Translate>
        <Rotate Type="VEC3">0 0 0</Rotate>
      </Transform>
      <Transform>
        <Index Type="int">94</Index>
        <Translate Type="VEC3">0 0 0</Translate>
        <Rotate Type="VEC3">0 0 0</Rotate>
      </Transform>
      <Transform>
        <Index Type="int">95</Index>
        <Translate Type="VEC3">0 0 0</Translate>
        <Rotate Type="VEC3">0 0 0</Rotate>
      </Transform>
      <Transform>
        <Index Type="int">96</Index>
        <Translate Type="VEC3">0 0 0</Translate>
        <Rotate Type="VEC3">0 0 0</Rotate>
      </Transform>
      <Transform>
        <Index Type="int">97</Index>
        <Translate Type="VEC3">0 0 0</Translate>
        <Rotate Type="VEC3">0 0 0</Rotate>
      </Transform>
      <Transform>
        <Index Type="int">98</Index>
        <Translate Type="VEC3">0 0 0</Translate>
        <Rotate Type="VEC3">0 0 0</Rotate>
      </Transform>
      <Transform>
        <Index Type="int">99</Index>
        <Translate Type="VEC3">0 0 0</Translate>
        <Rotate Type="VEC3">0 0 0</Rotate>
      </Transform>
      <Transform>
        <Index Type="int">100</Index>
        <Translate Type="VEC3">0 0 0</Translate>
        <Rotate Type="VEC3">0 0 0</Rotate>
      </Transform>
      <Transform>
        <Index Type="int">101</Index>
        <Translate Type="VEC3">0 0 0</Translate>
        <Rotate Type="VEC3">0 0 0</Rotate>
      </Transform>
      <Transform>
        <Index Type="int">102</Index>
        <Translate Type="VEC3">0 0 0</Translate>
        <Rotate Type="VEC3">0 0 0</Rotate>
      </Transform>
      <Transform>
        <Index Type="int">103</Index>
        <Translate Type="VEC3">0 0.2 0.8</Translate>
        <Rotate Type="VEC3">0 0 0</Rotate>
      </Transform>
      <Transform>
        <Index Type="int">104</Index>
        <Translate Type="VEC3">0 0 0</Translate>
        <Rotate Type="VEC3">0 0 0</Rotate>
      </Transform>
      <Transform>
        <Index Type="int">105</Index>
        <Translate Type="VEC3">0 0 0</Translate>
        <Rotate Type="VEC3">0 0 0</Rotate>
      </Transform>
      <Transform>
        <Index Type="int">106</Index>
        <Translate Type="VEC3">0 0 0</Translate>
        <Rotate Type="VEC3">0 0 0</Rotate>
      </Transform>
      <Transform>
        <Index Type="int">107</Index>
        <Translate Type="VEC3">0 0 0</Translate>
        <Rotate Type="VEC3">0 0 0</Rotate>
      </Transform>
      <Transform>
        <Index Type="int">108</Index>
        <Translate Type="VEC3">0 0 0</Translate>
        <Rotate Type="VEC3">0 0 0</Rotate>
      </Transform>
      <Transform>
        <Index Type="int">109</Index>
        <Translate Type="VEC3">0 0 0</Translate>
        <Rotate Type="VEC3">0 0 0</Rotate>
      </Transform>
      <Transform>
        <Index Type="int">110</Index>
        <Translate Type="VEC3">0 0 0</Translate>
        <Rotate Type="VEC3">0 0 0</Rotate>
      </Transform>
      <Transform>
        <Index Type="int">111</Index>
        <Translate Type="VEC3">0 0 0</Translate>
        <Rotate Type="VEC3">0 0 0</Rotate>
      </Transform>
      <Transform>
        <Index Type="int">112</Index>
        <Translate Type="VEC3">0 0.2 0.3</Translate>
        <Rotate Type="VEC3">0 0 0</Rotate>
      </Transform>
      <Transform>
        <Index Type="int">113</Index>
        <Translate Type="VEC3">0 0 0</Translate>
        <Rotate Type="VEC3">0 0 0</Rotate>
      </Transform>
      <Transform>
        <Index Type="int">114</Index>
        <Translate Type="VEC3">0 0 0</Translate>
        <Rotate Type="VEC3">0 0 0</Rotate>
      </Transform>
      <Transform>
        <Index Type="int">115</Index>
        <Translate Type="VEC3">0 0 0</Translate>
        <Rotate Type="VEC3">0 0 0</Rotate>
      </Transform>
      <Transform>
        <Index Type="int">116</Index>
        <Translate Type="VEC3">0 0 0</Translate>
        <Rotate Type="VEC3">0 0 0</Rotate>
      </Transform>
      <Transform>
        <Index Type="int">117</Index>
        <Translate Type="VEC3">0 0 0</Translate>
        <Rotate Type="VEC3">0 0 0</Rotate>
      </Transform>
      <Transform>
        <Index Type="int">118</Index>
        <Translate Type="VEC3">0 0 0</Translate>
        <Rotate Type="VEC3">0 0 0</Rotate>
      </Transform>
      <Transform>
        <Index Type="int">119</Index>
        <Translate Type="VEC3">0 0 0</Translate>
        <Rotate Type="VEC3">0 0 0</Rotate>
      </Transform>
      <Transform>
        <Index Type="int">120</Index>
        <Translate Type="VEC3">0 0 0</Translate>
        <Rotate Type="VEC3">0 0 0</Rotate>
      </Transform>
      <Transform>
        <Index Type="int">121</Index>
        <Translate Type="VEC3">0 0 0</Translate>
        <Rotate Type="VEC3">0 0 0</Rotate>
      </Transform>
      <Transform>
        <Index Type="int">122</Index>
        <Translate Type="VEC3">0 0 0</Translate>
        <Rotate Type="VEC3">0 0 0</Rotate>
      </Transform>
      <Transform>
        <Index Type="int">123</Index>
        <Translate Type="VEC3">0 0 0</Translate>
        <Rotate Type="VEC3">0 0 0</Rotate>
      </Transform>
      <Transform>
        <Index Type="int">124</Index>
        <Translate Type="VEC3">0 0 0</Translate>
        <Rotate Type="VEC3">0 0 0</Rotate>
      </Transform>
      <Transform>
        <Index Type="int">125</Index>
        <Translate Type="VEC3">0 0 0</Translate>
        <Rotate Type="VEC3">0 0 0</Rotate>
      </Transform>
      <Transform>
        <Index Type="int">126</Index>
        <Translate Type="VEC3">0 0 0</Translate>
        <Rotate Type="VEC3">0 0 0</Rotate>
      </Transform>
      <Transform>
        <Index Type="int">127</Index>
        <Translate Type="VEC3">0 0 0</Translate>
        <Rotate Type="VEC3">0 0 0</Rotate>
      </Transform>
      <Transform>
        <Index Type="int">128</Index>
        <Translate Type="VEC3">0 0 0</Translate>
        <Rotate Type="VEC3">0 0 0</Rotate>
      </Transform>
      <Transform>
        <Index Type="int">129</Index>
        <Translate Type="VEC3">0 0 0</Translate>
        <Rotate Type="VEC3">0 0 0</Rotate>
      </Transform>
      <Transform>
        <Index Type="int">130</Index>
        <Translate Type="VEC3">0 0 0</Translate>
        <Rotate Type="VEC3">0 0 0</Rotate>
      </Transform>
      <Transform>
        <Index Type="int">131</Index>
        <Translate Type="VEC3">0 0 0</Translate>
        <Rotate Type="VEC3">0 0 0</Rotate>
      </Transform>
      <ApplyHairMaskWhenSkinhead Type="bool">true</ApplyHairMaskWhenSkinhead>
    </HeadWear>
    <Capture>
      <Camera Type="capture_camera">cameraMqCapHW00.xml</Camera>
    </Capture>
    <ColorList>
      <Color Name="0" Type="RGB">0.886 0.231 0.333</Color>
      <Color Name="1" Type="RGB">0.098 0.502 0.769</Color>
      <Color Name="2" Type="RGB">0.000 0.678 0.275</Color>
      <Color Name="3" Type="RGB">0.902 0.863 0.231</Color>
      <Color Name="4" Type="RGB">0.502 0.000 0.455</Color>
      <Color Name="5" Type="RGB">0.239 0.239 0.239</Color>
    </ColorList>
  </UserData>
  <ArchModelMetadata>
    <RawData>
      <Name>C:/Users/ikezoe/AppData/Local/Temp/headwear0748.ma</Name>
    </RawData>
    <Type />
    <Silhouette />
    <State />
    <Gender />
    <PartRange>
      <Begin />
      <End />
    </PartRange>
    <Exclusion>
      <CategoryList>
        <Category>
          <Type>all</Type>
          <AcceptableSilhoette />
        </Category>
      </CategoryList>
      <ItemList />
    </Exclusion>
  </ArchModelMetadata>
</Model>